{
  "global": {
    "p5": -171.14625654683238,
    "p10": -91.10155640456792,
    "p25": -26.99800351026289,
    "p50": 2.9398783502413153,
    "p75": 36.985329950017785,
    "p90": 110.08542477974949,
    "p95": 232.1163750273322,
    "std": 328.69840720736767,
    "n_samples": 10462
  },
  "by_fee_bucket": {
    "low": {
      "p5": -126.13350430150533,
      "p10": -50.44058361397822,
      "p25": -3.3836133547703184,
      "p50": 34.10044995394571,
      "p75": 93.36706013548053,
      "p90": 216.20566488569372,
      "p95": 381.7381686855387,
      "std": 202.56670873487386,
      "n_samples": 1396
    },
    "medium": {
      "p5": -106.96463975673498,
      "p10": -56.53148117855585,
      "p25": -22.978056996452096,
      "p50": 0.07683138640095422,
      "p75": 24.863117069234363,
      "p90": 57.99646876017232,
      "p95": 100.56495172449024,
      "std": 142.34408518261318,
      "n_samples": 6826
    },
    "high": {
      "p5": -217.65379664568223,
      "p10": -139.56491798452967,
      "p25": -54.05940801043107,
      "p50": -5.280438911294368,
      "p75": 53.38952193102523,
      "p90": 137.55466165347653,
      "p95": 306.0197191918213,
      "std": 351.46765206081204,
      "n_samples": 1577
    },
    "very_high": {
      "p5": -1712.9605380790317,
      "p10": -801.5314697596666,
      "p25": -279.127481989427,
      "p50": -30.31916427723263,
      "p75": 204.76683417090044,
      "p90": 683.6272074959664,
      "p95": 1007.0676619862131,
      "std": 1040.0145365232725,
      "n_samples": 663
    }
  },
  "by_segment": {
    "Consulting": {
      "p5": -517.9433644206429,
      "p10": -236.45692932121906,
      "p25": 17.9313484372596,
      "p50": 216.7728217111171,
      "p75": 588.441081165239,
      "p90": 1375.3233352988157,
      "p95": 1653.8378172968803,
      "std": 818.4726417839067,
      "n_samples": 142
    },
    "Eminent Domain": {
      "p5": -2111.684495343335,
      "p10": -482.83444377516275,
      "p25": 26.85592492306523,
      "p50": 297.60382232752454,
      "p75": 517.8417369090675,
      "p90": 814.0004561001897,
      "p95": 1347.2952501995783,
      "std": 1338.533464056359,
      "n_samples": 153
    },
    "Estate": {
      "p5": -1423.9240688571472,
      "p10": -625.9761400588777,
      "p25": -201.2055234340628,
      "p50": 144.86622715334988,
      "p75": 445.886615385441,
      "p90": 1320.05180200615,
      "p95": 2048.603432333922,
      "std": 1161.0379004877204,
      "n_samples": 111
    },
    "Evaluation": {
      "p5": -1192.037317772541,
      "p10": -647.6973081751858,
      "p25": -278.2405397932937,
      "p50": 126.6400924157856,
      "p75": 501.24033449493925,
      "p90": 666.2005641069208,
      "p95": 734.5069263228111,
      "std": 625.6159281925833,
      "n_samples": 39
    },
    "Financial Reporting": {
      "p5": -636.9965178372826,
      "p10": -314.8140050445849,
      "p25": -144.75198893101174,
      "p50": -22.678885927095507,
      "p75": 107.73564168232713,
      "p90": 322.3149797219536,
      "p95": 555.0724119059339,
      "std": 399.5510575322321,
      "n_samples": 734
    },
    "Financing": {
      "p5": -115.70626392260914,
      "p10": -60.74474183144338,
      "p25": -23.435641669997494,
      "p50": 2.2785549629625166,
      "p75": 30.663189697316284,
      "p90": 71.92247085512884,
      "p95": 116.57055879301521,
      "std": 94.066469199767,
      "n_samples": 9010
    },
    "Lease Negotiation": {
      "p5": -750.173488802646,
      "p10": -557.0587273535416,
      "p25": -218.20629538692197,
      "p50": -31.201260636433517,
      "p75": 165.41741834731602,
      "p90": 606.1047818572996,
      "p95": 1149.5561541513837,
      "std": 1102.7055288163438,
      "n_samples": 58
    },
    "Review (External)": {
      "p5": -2110.132292848459,
      "p10": -1523.9162333166332,
      "p25": -145.88491116229505,
      "p50": 48.53049090334116,
      "p75": 526.5129475520347,
      "p90": 1300.6141658853362,
      "p95": 2249.7694808874107,
      "std": 1240.2448532808405,
      "n_samples": 75
    },
    "Value Dispute": {
      "p5": -785.9400231499751,
      "p10": -508.89065535407514,
      "p25": -183.5243133232616,
      "p50": 31.23243247006485,
      "p75": 260.60658759571015,
      "p90": 614.7693188171819,
      "p95": 916.0968255713775,
      "std": 768.4713433104384,
      "n_samples": 130
    }
  },
  "by_state": {
    "California": {
      "p5": -226.97768272153328,
      "p10": -156.98587800433842,
      "p25": -59.29572047079333,
      "p50": -10.488426733702227,
      "p75": 43.072964333784284,
      "p90": 290.57312442436614,
      "p95": 448.30701633919233,
      "std": 728.2021182235728,
      "n_samples": 124
    },
    "Connecticut": {
      "p5": -140.8945616421854,
      "p10": -61.13636559226979,
      "p25": -27.769910439450364,
      "p50": -16.356441698353137,
      "p75": 0.8394047687863804,
      "p90": 31.773785034905337,
      "p95": 42.89373353939362,
      "std": 96.66716204667556,
      "n_samples": 175
    },
    "Florida": {
      "p5": -120.33630193877192,
      "p10": -48.739200239257386,
      "p25": -19.42614299016236,
      "p50": 1.8807139578339047,
      "p75": 25.236347599534838,
      "p90": 84.5444517473843,
      "p95": 225.05755141553004,
      "std": 283.4053940825253,
      "n_samples": 1675
    },
    "Illinois": {
      "p5": -45.62266949175509,
      "p10": -27.865833307837327,
      "p25": -12.68458820815647,
      "p50": 10.12450364866072,
      "p75": 40.614663387537234,
      "p90": 87.88261009763063,
      "p95": 158.19530575251247,
      "std": 166.31811932515168,
      "n_samples": 2092
    },
    "Indiana": {
      "p5": -146.93265629482266,
      "p10": -94.32253929489616,
      "p25": -53.838303763021486,
      "p50": -22.337420668652157,
      "p75": 2.1436466570439734,
      "p90": 40.882662909539704,
      "p95": 65.99186471291728,
      "std": 161.3973988845672,
      "n_samples": 331
    },
    "Kansas": {
      "p5": -153.02744931370054,
      "p10": -49.516414885322774,
      "p25": -20.370151506086927,
      "p50": 1.4351631811350671,
      "p75": 27.897850777186704,
      "p90": 59.541469174696154,
      "p95": 97.6685679562459,
      "std": 118.696410109515,
      "n_samples": 170
    },
    "Kentucky": {
      "p5": -187.12519739469104,
      "p10": -112.58377594932495,
      "p25": -30.954766263100623,
      "p50": 2.2154781973663376,
      "p75": 40.093037888767185,
      "p90": 199.1563379601414,
      "p95": 709.2779014028276,
      "std": 362.3387946130416,
      "n_samples": 96
    },
    "Michigan": {
      "p5": -566.5969209886247,
      "p10": -224.84862393534135,
      "p25": -113.36402496529536,
      "p50": -3.7641487306641466,
      "p75": 47.23751297762007,
      "p90": 178.0523433873483,
      "p95": 216.0469781131066,
      "std": 250.7843949085863,
      "n_samples": 58
    },
    "Missouri": {
      "p5": -146.08519497421958,
      "p10": -67.18405152304717,
      "p25": -26.317049773647,
      "p50": -2.2216076160686953,
      "p75": 23.102564925855063,
      "p90": 60.8873098496465,
      "p95": 118.05344352371867,
      "std": 146.59023527951527,
      "n_samples": 806
    },
    "Ohio": {
      "p5": -184.65936523443452,
      "p10": -99.85339727668178,
      "p25": -31.796855435744874,
      "p50": 6.9435789477083745,
      "p75": 53.8496634689883,
      "p90": 135.23753881280112,
      "p95": 267.1203429196023,
      "std": 312.2094543386746,
      "n_samples": 635
    },
    "Pennsylvania": {
      "p5": -169.82714594201138,
      "p10": -122.84997072578774,
      "p25": -32.199439673125084,
      "p50": 14.872849889623922,
      "p75": 59.11792019463121,
      "p90": 236.4078839732985,
      "p95": 327.2241869051454,
      "std": 494.82514759791036,
      "n_samples": 124
    },
    "Rhode Island": {
      "p5": -42.71630111864183,
      "p10": -28.91483082015775,
      "p25": -18.86236869714901,
      "p50": -8.910842339583041,