{
  "run_date": "2026-02-17T18:47:46.333568",
  "target_overfit": 1.5,
  "target_mape": 6.0,
  "baseline": {
    "name": "baseline (current v2)",
    "desc": "Current production config",
    "overfit": 1.8789228605865445,
    "test_mape": 4.311410690402209,
    "test_rmse": 419.9518271021221,
    "test_within20": 96.52341751546439,
    "train_mape": 5.642061526647327,
    "best_iter": 3000,
    "results": {
      "train": {
        "rmse": 223.50668881160212,
        "mape": 5.642061526647327,
        "median_ape": 0.8889577117072258,
        "within_20pct": 95.54354903723915
      },
      "valid": {
        "rmse": 328.00082521583266,
        "mape": 5.890742259828206,
        "median_ape": 1.0815277704628234,
        "within_20pct": 95.50951118552625
      },
      "test": {
        "rmse": 419.9518271021221,
        "mape": 4.311410690402209,
        "median_ape": 1.0117375819934264,
        "within_20pct": 96.52341751546439
      },
      "overfitting_ratio": 1.8789228605865445,
      "best_iteration": 3000
    }
  },
  "experiments": [
    {
      "name": "fewer_leaves_14",
      "desc": "Reduce num_leaves 18 \u2192 14",
      "changes": {
        "num_leaves": 14
      },
      "overfit": 1.7587651307441425,
      "test_mape": 4.579162562445114,
      "test_rmse": 421.79503777275596,
      "test_within20": 96.42342216641086,
      "train_mape": 5.833296053015783,
      "best_iter": 3000,
      "results": {
        "train": {
          "rmse": 239.82453961564062,
          "mape": 5.833296053015783,
          "median_ape": 1.004548874264978,
          "within_20pct": 95.46603206102137
        },
        "valid": {
          "rmse": 339.7919410629657,
          "mape": 6.092377372416284,
          "median_ape": 1.2008500310391699,
          "within_20pct": 95.37230826473187
        },
        "test": {
          "rmse": 421.79503777275596,
          "mape": 4.579162562445114,
          "median_ape": 1.110778021703933,
          "within_20pct": 96.42342216641086
        },
        "overfitting_ratio": 1.7587651307441425,
        "best_iteration": 3000
      }
    },
    {
      "name": "fewer_leaves_10",
      "desc": "Reduce num_leaves 18 \u2192 10",
      "changes": {
        "num_leaves": 10
      },
      "overfit": 1.6488038157132459,
      "test_mape": 4.9934061924497435,
      "test_rmse": 443.2486923755314,
      "test_within20": 95.92577089437701,
      "train_mape": 6.188022356836823,
      "best_iter": 3000,
      "results": {
        "train": {
          "rmse": 268.8304625155111,
          "mape": 6.188022356836823,
          "median_ape": 1.247234538440861,
          "within_20pct": 95.20557502092957
        },
        "valid": {
          "rmse": 368.29318114987893,
          "mape": 6.541099401790157,
          "median_ape": 1.4483447777236313,
          "within_20pct": 94.80489279568393
        },
        "test": {
          "rmse": 443.2486923755314,
          "mape": 4.9934061924497435,
          "median_ape": 1.3338734839106414,
          "within_20pct": 95.92577089437701
        },
        "overfitting_ratio": 1.6488038157132459,
        "best_iteration": 3000
      }
    },
    {
      "name": "min_child_80",
      "desc": "Increase min_child_samples 50 \u2192 80",
      "changes": {
        "min_child_samples": 80
      },
      "overfit": 1.7604718667998736,
      "test_mape": 4.366545161276651,
      "test_rmse": 411.08983609052916,
      "test_within20": 96.49551183665876,
      "train_mape": 5.6764832532071186,
      "best_iter": 3000,
      "results": {
        "train": {
          "rmse": 233.51116472982577,
          "mape": 5.6764832532071186,
          "median_ape": 0.900155641385352,
          "within_20pct": 95.47998511674056
        },
        "valid": {
          "rmse": 333.7653810756685,
          "mape": 5.927922886711133,
          "median_ape": 1.0933438692238258,
          "within_20pct": 95.49555834612343
        },
        "test": {
          "rmse": 411.08983609052916,
          "mape": 4.366545161276651,
          "median_ape": 0.9965490607589164,
          "within_20pct": 96.49551183665876
        },
        "overfitting_ratio": 1.7604718667998736,
        "best_iteration": 3000
      }
    },
    {
      "name": "min_child_120",
      "desc": "Increase min_child_samples 50 \u2192 120",
      "changes": {
        "min_child_samples": 120
      },
      "overfit": 1.7385001774458404,
      "test_mape": 4.475310727135183,
      "test_rmse": 425.4332139120661,
      "test_within20": 96.3722617552672,
      "train_mape": 5.750965520574052,
      "best_iter": 3000,
      "results": {
        "train": {
          "rmse": 244.71278141432322,
          "mape": 5.750965520574052,
          "median_ape": 0.9374871746081913,
          "within_20pct": 95.41487085671763
        },
        "valid": {
          "rmse": 345.9422294894656,
          "mape": 6.040723464139336,
          "median_ape": 1.140038186197927,
          "within_20pct": 95.28626575508116
        },
        "test": {
          "rmse": 425.4332139120661,
          "mape": 4.475310727135183,
          "median_ape": 1.0525162653589444,
          "within_20pct": 96.3722617552672
        },
        "overfitting_ratio": 1.7385001774458404,
        "best_iteration": 3000
      }
    },
    {
      "name": "strong_subsample",
      "desc": "Feature fraction 0.7 \u2192 0.5, bagging 0.7 \u2192 0.6",
      "changes": {
        "feature_fraction": 0.5,
        "bagging_fraction": 0.6
      },
      "overfit": 1.7965837727468568,
      "test_mape": 4.488525795901443,
      "test_rmse": 426.78422407487386,
      "test_within20": 96.6048090786475,
      "train_mape": 5.825251487572692,
      "best_iter": 3000,
      "results": {
        "train": {
          "rmse": 237.55319988354856,
          "mape": 5.825251487572692,
          "median_ape": 1.0988379260758312,
          "within_20pct": 95.54122352795262
        },
        "valid": {
          "rmse": 334.0725868299696,
          "mape": 6.030573242489336,
          "median_ape": 1.317258817681361,
          "within_20pct": 95.49788381935724
        },
        "test": {
          "rmse": 426.78422407487386,
          "mape": 4.488525795901443,
          "median_ape": 1.2144323132768249,
          "within_20pct": 96.6048090786475
        },
        "overfitting_ratio": 1.7965837727468568,
        "best_iteration": 3000
      }
    },
    {
      "name": "strong_reg",
      "desc": "reg_alpha/lambda 5.0 \u2192 10.0",
      "changes": {
        "reg_alpha": 10.0,
        "reg_lambda": 10.0
      },
      "overfit": 1.6711459313719923,
      "test_mape": 4.556803413956495,
      "test_rmse": 428.0486220101832,
      "test_within20": 96.20482768243338,
      "train_mape": 5.816080880906639,
      "best_iter": 3000,
      "results": {
        "train": {
          "rmse": 256.140779793396,
          "mape": 5.816080880906639,
          "median_ape": 0.9249348895356878,
          "within_20pct": 95.3559579547921
        },
        "valid": {
          "rmse": 354.1516966400246,
          "mape": 6.152497346240412,
          "median_ape": 1.13176352196253,
          "within_20pct": 95.13510999488396
        },
        "test": {
          "rmse": 428.0486220101832,
          "mape": 4.556803413956495,
          "median_ape": 1.0446986968339487,
          "within_20pct": 96.20482768243338
        },
        "overfitting_ratio": 1.6711459313719923,
        "best_iteration": 3000
      }
    },
    {
      "name": "very_strong_reg",
      "desc": "reg_alpha/lambda 5.0 \u2192 20.0",
      "changes": {
        "reg_alpha": 20.0,
        "reg_lambda": 20.0
      },
      "overfit": 1.4756961108346696,
      "test_mape": 4.78628121122213,
      "test_rmse": 438.75198247067783,
      "test_within20": 95.97925677875448,
      "train_mape": 6.10891537448263,
      "best_iter": 3000,
      "results": {
        "train": {
          "rmse": 297.3186547347577,
          "mape": 6.10891537448263,