{
  "state_latitude": {
    "Alabama": 33.463397,
    "Alaska": 60.2255465,
    "Anguilla": 18.182916499999997,
    "Antigua and Barbuda": 17.098809,
    "Arizona": 33.5001155,
    "Arkansas": 36.098344499999996,
    "Bahamas": 25.076542500000002,
    "Barbados": 13.270217,
    "British Virgin Islands": 18.433464,
    "California": 33.195824,
    "Cayman Islands": 19.317975,
    "Colorado": 39.7280865,
    "Connecticut": 41.538159,
    "Costa Rica": 10.518369499999999,
    "Cuba": 20.022578,
    "Delaware": 39.667933,
    "District of Columbia": 38.898717,
    "Dominican Republic": 19.580313,
    "Florida": 26.698959000000002,
    "French West Indies": 17.899948,
    "Georgia": 33.7933595,
    "Guyana": 38.908131,
    "Hawaii": 21.328583,
    "Idaho": 43.588826,
    "Illinois": 41.887449,
    "Indiana": 39.951987,
    "International": 16.405549,
    "Iowa": 41.648499,
    "Jamaica": 18.227944,
    "Kansas": 38.8998895,
    "Kentucky": 38.211331,
    "Louisiana": 30.470594,
    "Maine": 44.120668,
    "Maryland": 39.289822,
    "Massachusetts": 42.098574,
    "Michigan": 42.489823,
    "Minnesota": 44.918056,
    "Mississippi": 32.394026,
    "Missouri": 38.624802,
    "Montana": 45.818813,
    "Nebraska": 41.216629,
    "Netherlands Antilles": 12.11307,
    "Nevada": 36.100487,
    "New Hampshire": 43.123554999999996,
    "New Jersey": 39.99949,
    "New Mexico": 34.4153115,
    "New York": 41.152829499999996,
    "North Carolina": 35.573252,
    "North Dakota": 47.139969,
    "Ohio": 40.100248,
    "Oklahoma": 35.545914999999994,
    "Oregon": 45.096135,
    "Pennsylvania": 40.10589,
    "Puerto Rico": 18.279666,
    "Rhode Island": 41.7923885,
    "Saint Kitts & Nevis": 17.3267375,
    "South Carolina": 34.6913775,
    "South Dakota": 45.4611,
    "St. Lucia": 14.069697,
    "St. Maarten": 29.0424395,
    "St. Vincent and Grenadines": 12.89164,
    "Tennessee": 35.927214,
    "Texas": 29.645528,
    "Turks and Caicos": 21.796438,
    "Unknown": 41.51104,
    "Utah": 40.69882,
    "Vermont": 44.200819,
    "Virgin Islands": 18.327436,
    "Virginia": 37.646013499999995,
    "Washington": 47.574848,
    "West Virginia": 38.4007905,
    "Wisconsin": 43.038818,
    "Wyoming": 42.0548
  },
  "state_longitude": {
    "Alabama": -86.7946235,
    "Alaska": -142.4001345,
    "Anguilla": -63.1366355,
    "Antigua and Barbuda": -61.818212,
    "Arizona": -112.019061,
    "Arkansas": -94.1221165,
    "Bahamas": -77.347515,
    "Barbados": -59.5681015,
    "British Virgin Islands": -64.613243,
    "California": -117.248309,
    "Cayman Islands": -81.314659,
    "Colorado": -104.996002,
    "Connecticut": -72.755798,
    "Costa Rica": -85.3250295,
    "Cuba": -75.829462,
    "Delaware": -75.58954,
    "District of Columbia": -77.016428,
    "Dominican Republic": -69.976844,
    "Florida": -81.129671,
    "French West Indies": -62.817024,
    "Georgia": -84.2234655,
    "Guyana": -77.063721,
    "Hawaii": -157.994262,
    "Idaho": -114.45108,
    "Illinois": -87.756572,
    "Indiana": -86.204204,
    "International": -61.832631,
    "Iowa": -92.762046,
    "Jamaica": -77.380316,
    "Kansas": -94.918811,
    "Kentucky": -85.571673,
    "Louisiana": -92.02736,
    "Maine": -69.517288,
    "Maryland": -76.625134,
    "Massachusetts": -71.216419,
    "Michigan": -83.33398,
    "Minnesota": -93.323799,
    "Mississippi": -89.6323175,
    "Missouri": -90.82660849999999,
    "Montana": -110.715747,
    "Nebraska": -96.151876,
    "Netherlands Antilles": -68.935661,
    "Nevada": -115.17306350000001,
    "New Hampshire": -71.628293,
    "New Jersey": -74.80930599999999,
    "New Mexico": -106.297373,
    "New York": -73.9930655,
    "North Carolina": -80.77044799999999,
    "North Dakota": -98.038453,
    "Ohio": -83.0087525,
    "Oklahoma": -97.2243925,
    "Oregon": -122.784966,
    "Pennsylvania": -75.341667,
    "Puerto Rico": -66.052416,
    "Rhode Island": -71.432379,
    "Saint Kitts & Nevis": -62.7308565,
    "South Carolina": -81.03410650000001,
    "South Dakota": -98.486389,
    "St. Lucia": -60.954231,
    "St. Maarten": -80.85114250000001,
    "St. Vincent and Grenadines": -61.397701,
    "Tennessee": -86.79635,
    "Texas": -98.16573,
    "Turks and Caicos": -72.196676,
    "Unknown": -90.409897,
    "Utah": -111.90671,
    "Vermont": -73.06098,
    "Virgin Islands": -64.874399,
    "Virginia": -77.43930599999999,
    "Washington": -122.31287,
    "West Virginia": -81.233114,
    "Wisconsin": -88.04204,
    "Wyoming": -106.393951
  },
  "state_distance_km": {
    "Alabama": 81.8125373821031,
    "Alaska": 3125.777435123705,
    "Anguilla": 7179.84305852396,
    "Antigua and Barbuda": 2150.09371420409,
    "Arizona": 1967.902536467235,
    "Arkansas": 403.64934835003,
    "Bahamas": 8673.872450245595,
    "Barbados": 6733.45286412439,
    "British Virgin Islands": 7342.06856294287,
    "California": 46.11854449782215,
    "Cayman Islands": 9099.27013370652,
    "Colorado": 28.1555939202191,
    "Connecticut": 116.5119928308995,
    "Costa Rica": 9506.52020697933,
    "Cuba": 777.736286889974,
    "Delaware": 60.2569940132387,
    "District of Columbia": 1497.50160602987,
    "Dominican Republic": 7818.91242028806,
    "Florida": 30.181008411984898,
    "French West Indies": 7127.44287819748,
    "Georgia": 764.36070197799,
    "Guyana": 8893.68928641519,
    "Hawaii": 7347.76975076531,
    "Idaho": 2217.40339457022,
    "Illinois": 19.8694385648553,
    "Indiana": 39.6889893595731,
    "International": 6868.63914127149,
    "Iowa": 328.459820088577,
    "Jamaica": 8680.59258763225,
    "Kansas": 80.08482584820504,
    "Kentucky": 24.6027913489938,
    "Louisiana": 814.447704409449,
    "Maine": 1809.82223786083,
    "Maryland": 171.343992407116,
    "Massachusetts": 51.48305637809205,
    "Michigan": 35.6049084835068,
    "Minnesota": 800.906766239247,
    "Mississippi": 383.37541675978946,
    "Missouri": 33.6616909707403,
    "Montana": 1678.4377215672,
    "Nebraska": 274.931374816199,
    "Netherlands Antilles": 7726.754126254895,
    "Nevada": 17.3001927652313,
    "New Hampshire": 1444.421002209555,
    "New Jersey": 58.3421752069837,
    "New Mexico": 911.162039937649,
    "New York": 1434.28787931317,
    "North Carolina": 824.6286860756691,
    "North Dakota": 1125.69210039859,
    "Ohio": 31.6222234261478,
    "Oklahoma": 142.2907985373245,
    "Oregon": 2742.11317179506,
    "Pennsylvania": 33.00350429666135,
    "Puerto Rico": 24.5821629509903,
    "Rhode Island": 10.6283763586248,
    "Saint Kitts & Nevis": 7128.7987208831455,
    "South Carolina": 779.0287174752665,
    "South Dakota": 1120.61317392849,
    "St. Lucia": 2396.35895511111,
    "St. Maarten": 4752.1225871326,
    "St. Vincent and Grenadines": 6916.54715174495,
    "Tennessee": 231.301922480864,
    "Texas": 35.3222025406515,
    "Turks and Caicos": 8179.33817260504,
    "Unknown": 9619.27604209167,
    "Utah": 34.2413032779418,
    "Vermont": 279.396620457774,
    "Virgin Islands": 7347.31850418754,
    "Virginia": 1152.69589446366,
    "Washington": 36.7664509699341,
    "West Virginia": 367.0014620138655,
    "Wisconsin": 133.48406685893,
    "Wyoming": 2764.30418001736
  }
}