tree
version=v4
num_class=1
num_tree_per_iteration=1
label_index=0
max_feature_idx=51
objective=binary sigmoid:1
feature_names=BidFee TargetTime DistanceInMiles RooftopLongitude RooftopLatitude PopulationEstimate AverageHouseValue IncomePerHousehold MedianAge DeliveryTotal NumberofBusinesses NumberofEmployees ZipPopulation segment_avg_fee segment_std_fee propertytype_avg_fee state_avg_fee subtype_avg_fee office_region_avg_fee rolling_avg_fee_segment rolling_std_fee_segment rolling_avg_fee_state state_count joblength_log joblength_bucket joblength_x_segment_fee fee_per_day building_sf_log fee_per_sqft land_acres_log segment_x_state_fee fee_vs_segment_ratio fee_percentile_segment fee_diff_from_segment days_since_last_segment client_avg_fee client_std_fee lag1_bidfee_client cumulative_bids_client days_since_last_bid_client office_avg_fee targettime_log distance_log bid_vs_client_ratio bid_vs_state_ratio subtype_win_rate propertytype_win_rate state_win_rate segment_win_rate office_region_win_rate company_location_win_rate fee_percentile_empirical
feature_infos=[100:4300300] [0:2850] [0:9719.5979456917994] [-158.07691:175.788208] [-46.490386999999998:61.591374999999999] [0:117967] [0:2000000] [0:250000] [0:80.699996948242202] [0:57416] [0:4377] [0:179047] [0:114453] [0:128721.61887019229] [0:44581.931170532895] [0:7188.0956466040034] [0:22853.194386497249] [1540.4644615384616:19000] [3301.972402183585:28921.916625574089] [0:2867700] [0:2354002.0087077236] [0:2151800] [0:41790] [0:12.808397560516346] [0:4] [-145859885.37401766:1298493306.0513945] [-5500:252958.82352941175] [0:15.413390129389567] [0.00024279009521619999:75000] [0:12.229637793502819] [0:2941608550.3117995] [0:1220.7501947069652] [0:1] [-128546.61887019229:4296778.3300724048] [0:667] [0:154500] [0:848989.27639917191] [0:4300300] [0:4802] [0:1870] [0:3852003.230769231] [0:7.9554250889126719] [0:9.1820024126088704] [0:15500] [0:1256.2902122195187] [0:0.86935784277367101] [0:0.76809742643812529] [0:0.92668198506687771] [0:0.94370824248895147] [0.044616030620744214:0.99821451699278907] [0.059482039064756673:0.9918365080626681] [0:1]
tree_sizes=991 1209 2263 1184 1104 1005 1214 1105 1209 1110 894 1003 1221 1002 1751 894 897 896 899 894 1306 2579 1316 894 896 1111 1306 1303 1306 1316 2719 1193 1107 1218 1190 1218 2356 1322 1218 1089 1219 1216 1320 1106 1221 1533 1537 2725 2716 1796 1296 2367 2180 1386 1541 2724 2036 1492 2131 2308 1393 1417 1322 1306 2543 1328 1282 1722 1301 1307 1198 2690 2680 1198 1216 2638 2636 2689 1218 2629 1631 1515 1294 1212 1218 1222 1198 2596 2138 2611 1219 1217 1219 2591 1514 1325 1218 1217 1287 1219 1221 1220 1219 1221 1194 1225 1720 1224 1328 1223 1312 1221

Tree=0
num_leaves=8
num_cat=0
split_feature=29 29 18 23 27 27 50
split_gain=21979.4 34572 20930.6 3099.06 264.461 122.297 1.68607
threshold=0.89187507336605576 0.89625126321299919 4326.3207631714886 3.3842466058243152 9.852404749846686 9.8482919045051371 0.93145388052475664
decision_type=2 2 2 2 2 2 2
left_child=-1 2 4 -4 5 -2 -7
right_child=1 -3 3 -5 -6 6 -8
leaf_value=-0.051188613417849131 -0.062973704321733867 -0.051190861235873651 -0.05122965877452796 -0.13070588779673728 -0.057506211794524184 -0.13121534743466035 -0.1065562615684124
leaf_weight=4308.8869879543781 8.4879898726940137 3996.2003932893276 1773.442271143198 218.55036456882954 17.523591995239258 9910.9244190007448 8.9014927446842176
leaf_count=15737 31 14595 6477 876 64 39725 35
internal_value=-0.0912551 -0.102091 -0.119138 -0.0599984 -0.130991 -0.131132 -0.1312
internal_weight=20242.9 15934 11937.8 1991.99 9945.84 9928.31 9919.83
internal_count=77540 61803 47208 7353 39855 39791 39760
is_linear=0
shrinkage=1


Tree=1
num_leaves=10
num_cat=0
split_feature=29 29 49 27 24 27 17 49 50
split_gain=21084.1 33206.1 22827 254.895 129.039 122.402 2.45638 5.75335 1.41233
threshold=0.89187507336605576 0.89625126321299919 0.78248894990604889 9.852404749846686 2.5000000000000004 9.8482919045051371 4506.5831540314784 0.99545073276034934 0.93145388052475664
decision_type=2 2 2 2 2 2 2 2 2
left_child=-1 2 3 5 6 -2 7 -4 -7
right_child=1 -3 4 -5 -6 8 -8 -9 -10
leaf_value=0.041022147956545844 0.029955642858455336 0.041019979631915594 0.0020210131205252498 0.034923690788251402 -0.027282539027542609 -0.037376004968784057 0.040959549673404032 0.030998503399120549 -0.013232461647478891
leaf_weight=4315.405138105154 8.7712036669254285 4002.2455354034901 8.1468347907066363 17.547088623046875 9.2106054425239545 10100.722408041358 1755.5061866044998 10.146141827106474 8.8955256938934308
leaf_count=15737 32 14595 31 64 37 40570 6402 37 35
internal_value=0.00181944 -0.00880768 -0.0255467 -0.0371573 0.0404019 -0.0372931 0.0408062 0.0215355 -0.0373613
internal_weight=20236.6 15921.2 11918.9 10135.9 1783.01 10118.4 1773.8 18.293 10109.6
internal_count=77540 61803 47208 40701 6507 40637 6470 68 40605
is_linear=0
shrinkage=0.02


Tree=2
num_leaves=20
num_cat=0
split_feature=27 27 49 46 25 23 23 17 17 23 17 23 46 17 17 49 47 25 13
split_gain=17821 28867.5 20068.9 1994.07 747.342 516.27 435.067 233.342 370.528 168.547 152.06 122.828 83.7414 313.291 45.8449 19.8501 16.2911 7.08154 0.195484
threshold=9.8482919045051371 9.852404749846686 0.78248894990604889 0.57512625054985966 159969.38312817307 2.9174053685313028 2.9174053685313028 4340.0369003690039 3546.2292874955469 5.0673293977687841 2079.4212543352605 3.3842466058243152 0.53930123752966652 3209.0384012539189 4380.2322868052624 0.72869513967501953 0.42801647879275345 142195.15759865855 3554.8880929750953
decision_type=2 2 2 2 2 2 2 2 2 2 2 2 2 2 2 2 2 2 2
left_child=-1 2 3 5 6 -2 -5 8 -8 12 -6 -4 15 -14 16 -7 -12 -13 -9
right_child=1 -3 11 4 10 9 7 18 -10 -11 14 17 13 -15 -16 -17 -18 -19 -20
leaf_value=0.040174691665804244 0.037478605416391066 0.040174589518509878 0.040141880708518984 0.038127569207281733 -0.029856965208902339 -0.036279877669370568 -0.017275219081802774 -0.035644691806943768 0.038136174486542045 0.028221570534737117 0.0019047784925181432 -0.020436839434602522 0.036075883002592672 -0.031074576685398373 -0.0062805307890375873 -0.018657925998082608 0.037081158884812754 0 -0.011638981338083377
leaf_weight=3901.3155065774918 36.738671332597733 3884.5785403847694 1772.8481134474277 55.976152181625366 14.149709045886992 9096.240119934082 346.65974193811417 220.65940627455711 53.771325051784515 14.438222467899321 8.139926612377165 7.266241297125819 27.164897382259369 526.43702927231789 8.6967280805110914 41.543813407421112 177.20310348272324 13.319430261850355 7.6005379855632773
leaf_count=14218 134 14157 6461 204 57 36617 1363 888 196 53 31 29 99 2106 34 164 648 51 30
internal_value=0.00178472 -0.00739749 -0.0222732 -0.0327117 -0.00404437 -0.0353334 -0.0141759 -0.0190024 -0.00958243 -0.0356208 0.0289025 0.0395741 -0.0357258 -0.0275896 0.0336523 -0.0362082 0.0357866 -0.00677783 -0.0351271
internal_weight=20214.7 16313.4 12428.9 10635.4 892.857 9742.56 684.667 628.691 400.431 9705.82 208.189 1793.43 9691.39 553.602 194.04 9137.78 185.343 20.5857 228.26
internal_count=77540 63322 49165 42624 3451 39173 2681 2477 1559 39039 770 6541 38986 2205 713 36781 679 80 918
is_linear=0
shrinkage=0.02


Tree=3
num_leaves=10
num_cat=0
split_feature=29 29 49 18 23 50 13 13 25
split_gain=19474.7 30774.4 21173 178.704 163.875 9.19413 3.73583 4.14767 6.94368
threshold=0.89187507336605576 0.89625126321299919 0.78248894990604889 28911.425448392558 2.9174053685313028 0.94137983559720551 5171.3184210526324 5171.7695488721811 124103.5218045113
decision_type=2 2 2 2 2 2 2 2 2
left_child=-1 2 4 -4 -2 6 -6 8 -8
right_child=1 -3 3 -5 5 -7 7 -9 -10
leaf_value=0.03940396136343436 0.032162230411376579 0.039427696496147947 0.03934751070739597 -0.029550908658939102 -0.036107167389808958 -0.005279448331575419 -0.022870347650750068 -0.030284331660339742 0
leaf_weight=4317.2556818425655 12.05507981777191 4003.966188788414 1770.5847021043301 13.166936174035071 9975.9945872426033 7.6815800517797461 9.4576575011014956 59.686854556202888 9.8528059870004636
leaf_count=15737 44 14595 6454 53 40311 30 38 240 38
internal_value=0.0017518 -0.00849708 -0.024686 0.038784 -0.0359329 -0.0360248 -0.0360433 -0.02679 -0.0122836
internal_weight=20179.7 15862.4 11858.5 1783.75 10074.7 10062.7 10055 78.9973 19.3105
internal_count=77540 61803 47208 6507 40701 40657 40627 316 76
is_linear=0
shrinkage=0.02


Tree=4
num_leaves=9
num_cat=0
split_feature=29 29 18 18 27 27 0 50
split_gain=18727.7 29625 18019.7 2554.45 234.77 109.127 21.3697 1.10895
threshold=0.89187507336605576 0.89625126321299919 4326.3207631714886 28911.425448392558 9.852404749846686 9.8482919045051371 44275.000000000007 0.93145388052475664
decision_type=2 2 2 2 2 2 2 2
left_child=-1 2 4 6 5 -2 -4 -7
right_child=1 -3 3 -5 -6 7 -8 -9
leaf_value=0.038653521755596693 0.028664250232874115 0.038675862322213962 0.038530295246739781 -0.03525360281514537 0.033709177358683569 -0.03561308574327969 0.0089473167130072404 -0.012445230402546383
leaf_weight=4313.1268573999405 8.5042467415332776 4000.2363716065884 1767.5141111761332 208.97372633218765 17.557573586702347 9790.6491836458445 14.774279817938803 8.8639595508575422
leaf_count=15737 31 14595 6450 847 64 39725 56 35
internal_value=0.00172042 -0.00835188 -0.0242789 0.0305491 -0.0353985 -0.0355331 0.0383178 -0.0355988
internal_weight=20130.2 15817.1 11816.8 1991.26 9825.57 9808.02 1782.29 9799.51
internal_count=77540 61803 47208 7353 39855 39791 6506 39760
is_linear=0
shrinkage=0.02


Tree=5
num_leaves=8
num_cat=0
split_feature=29 29 49 27 18 27 48
split_gain=18128.3 28531.1 19542.2 226.424 175.722 132.067 1.82226
threshold=0.89187507336605576 0.89625126321299919 0.78248894990604889 9.852404749846686 28911.425448392558 9.8482919045051371 0.70158417772348469
decision_type=2 2 2 2 2 2 2
left_child=-1 2 3 5 -4 -2 -7
right_child=1 -3 4 -5 -6 6 -8
leaf_value=0.03794500814567766 0.030059506107740917 0.037969426888110752 0.037896431980374505 0.033100617139213466 -0.028946014438455094 -0.035035311075973991 -0.026903659952668059
leaf_weight=4327.1713783144951 10.422396421432493 3985.9293387234211 1754.6506830751896 17.54929855465889 13.828363284468649 9884.5898877829313 89.141152903437614
leaf_count=15815 38 14567 6413 64 56 40287 360
internal_value=0.00169433 -0.00826236 -0.0239258 -0.0347643 0.0373191 -0.0348942 -0.0349721
internal_weight=20083.3 15756.1 11770.2 10001.7 1768.48 9984.15 9973.73
internal_count=77600 61785 47218 40749 6469 40685 40647
is_linear=0
shrinkage=0.02


Tree=6
num_leaves=10
num_cat=0
split_feature=29 29 18 23 27 27 48 13 13
split_gain=17457.6 27501.3 16760.5 2381.53 219.504 124.339 4.33237 1.89705 2.68884
threshold=0.89187507336605576 0.89625126321299919 4326.3207631714886 3.3842466058243152 9.852404749846686 9.8482919045051371 0.70158417772348469 5171.3622807017555 5171.8697994987479
decision_type=2 2 2 2 2 2 2 2 2
left_child=-1 2 4 -4 5 -2 -7 -8 -9
right_child=1 -3 3 -5 -6 6 7 8 -10
leaf_value=0.037276112572204881 0.029283909638633591 0.037299165463242377 0.037255946634810314 -0.034221844240301051 0.032535721092958048 -0.034570335309564472 -0.030402116385668771 -0.007086225597313171 -0.024277037823325569
leaf_weight=4316.8588490784168 10.143595188856123 3976.5317903757095 1758.3722189664841 206.39344668388367 17.531802326440811 9646.1008763462305 42.397616192698479 19.916399329900742 14.50876861810684
leaf_count=15815 37 14567 6442 844 64 39520 173 79 59
internal_value=0.00166641 -0.00813082 -0.0235582 0.0296999 -0.0342978 -0.034429 -0.0345056 -0.0251941 -0.0163647
internal_weight=20008.8 15691.9 11715.4 1964.77 9750.6 9733.07 9722.92 76.8228 34.4252
internal_count=77600 61785 47218 7286 39932 39868 39831 311 138
is_linear=0
shrinkage=0.02


Tree=7
num_leaves=9
num_cat=0
split_feature=29 29 49 27 18 27 13 48
split_gain=16822.9 26525 18203.6 212.223 163.435 124.306 2.69658 0.292728
threshold=0.89187507336605576 0.89625126321299919 0.78248894990604889 9.852404749846686 28911.425448392558 9.8482919045051371 5171.3184210526324 0.70158417772348469
decision_type=2 2 2 2 2 2 2 2
left_child=-1 2 3 5 -4 -2 -7 -8
right_child=1 -3 4 -5 -6 6 7 -9
leaf_value=0.036643245982634118 0.029128620962322615 0.036665032649873856 0.036597132473185773 0.031995474234871611 -0.028040628500469685 -0.03401021448692227 -0.030367958633188495 -0.017383865623393585
leaf_weight=4303.7499870061874 10.406886935234068 3964.552894949913 1745.131896853447 17.505295515060425 13.718775331974028 9794.5251135826111 36.283580601215363 37.030638441443443
leaf_count=15815 38 14567 6413 64 56 40349 149 149
internal_value=0.00163976 -0.0080061 -0.023209 -0.0337488 0.036039 -0.0338758 -0.0339522 -0.0249767
internal_weight=19922.9 15619.2 11654.6 9895.75 1758.85 9878.25 9867.84 73.3142
internal_count=77600 61785 47218 40749 6469 40685 40647 298
is_linear=0
shrinkage=0.02


Tree=8
num_leaves=10
num_cat=0
split_feature=29 29 18 23 27 27 48 13 13
split_gain=16221.2 25597.7 15639.9 2214.49 205.957 117.041 4.01944 1.61818 2.69994
threshold=0.89187507336605576 0.89625126321299919 4326.3207631714886 3.3842466058243152 9.852404749846686 9.8482919045051371 0.70158417772348469 5171.3622807017555 5171.8697994987479
decision_type=2 2 2 2 2 2 2 2 2
left_child=-1 2 4 -4 5 -2 -7 -8 -9
right_child=1 -3 3 -5 -6 6 7 8 -10
leaf_value=0.036043677934102396 0.02836494251080187 0.03606429140272778 0.036031107087092576 -0.033255523333164151 0.03147823630424957 -0.0335980572312004 -0.029474421537154925 -0.0066635661790020216 -0.023681639450614109
leaf_weight=4288.022354722023 10.119678199291227 3950.1558290421963 1746.6651663780212 204.11413279175758 17.470280438661575 9533.803601577878 41.954088374972343 19.846312239766121 14.414965778589247
leaf_count=15815 37 14567 6442 844 64 39520 173 79 59
internal_value=0.00161455 -0.00788737 -0.0228763 0.0287344 -0.033331 -0.0334594 -0.0335345 -0.0244176 -0.015838
internal_weight=19826.6 15538.5 11588.4 1950.78 9637.61 9620.14 9610.02 76.2154 34.2613
internal_count=77600 61785 47218 7286 39932 39868 39831 311 138
is_linear=0
shrinkage=0.02


Tree=9
num_leaves=9
num_cat=0
split_feature=29 29 49 27 23 27 13 48
split_gain=15650.2 24716.5 16992.2 199.309 152.404 117.237 2.42306 0.127091
threshold=0.89187507336605576 0.89625126321299919 0.78248894990604889 9.852404749846686 3.3842466058243152 9.8482919045051371 5171.3184210526324 0.70158417772348469
decision_type=2 2 2 2 2 2 2 2
left_child=-1 2 3 5 -4 -2 -7 -8
right_child=1 -3 4 -5 -6 6 7 -9
leaf_value=0.035474953400919176 0.028265364739731659 0.035494473829487075 0.035430740846893093 0.030982502093273866 -0.027202209960124703 -0.033083600907743094 -0.029491589728461155 -0.016850415574088309
leaf_weight=4269.8436770737171 10.374942213296888 3933.4961968064308 1731.3693256676197 17.427240818738937 13.587850615382193 9671.5057470351458 35.869501724839211 36.837943568825722
leaf_count=15815 38 14567 6413 64 56 40349 149 149
internal_value=0.0015905 -0.00777449 -0.0225596 -0.0328272 0.0348895 -0.0329517 -0.0330267 -0.0242448
internal_weight=19720.3 15450.5 11517 9772.02 1744.96 9754.59 9744.21 72.7074
internal_count=77600 61785 47218 40749 6469 40685 40647 298
is_linear=0
shrinkage=0.02


Tree=10
num_leaves=7
num_cat=0
split_feature=29 29 49 27 18 27
split_gain=15020.1 23963.5 16632.4 196.664 133.723 100.467
threshold=0.89187507336605576 0.89625126321299919 0.78248894990604889 9.852404749846686 28911.425448392558 9.8482919045051371
decision_type=2 2 2 2 2 2
left_child=-1 2 3 5 -4 -2
right_child=1 -3 4 -5 -6 -7
leaf_value=0.034936237156873877 0.026798500524602979 0.034953252939845116 0.034893016940407001 0.030593879622217216 -0.026262166822228414 -0.032611682061919861
leaf_weight=4224.1709572374821 9.2612769901752454 3937.0189627707005 1743.7661390304565 17.648946404457092 12.315593183040617 9712.9931173622608
leaf_count=15721 34 14650 6490 65 51 40801
internal_value=0.00152742 -0.00761767 -0.0222039 -0.0324207 0.034412 -0.0325455
internal_weight=19657.2 15433 11496 9739.9 1756.08 9722.25
internal_count=77812 62091 47441 40900 6541 40835
is_linear=0
shrinkage=0.02


Tree=11
num_leaves=8
num_cat=0
split_feature=29 29 49 27 23 27 50
split_gain=14506.9 23161.4 16087.9 190.791 129.566 97.6686 1.70602
threshold=0.89187507336605576 0.89625126321299919 0.78248894990604889 9.852404749846686 3.3842466058243152 9.8482919045051371 0.94137983559720551
decision_type=2 2 2 2 2 2 2
left_child=-1 2 3 5 -4 -2 -7
right_child=1 -3 4 -5 -6 6 -8
leaf_value=0.03442266451371926 0.026410990555699704 0.034438813091324405 0.034380416640341777 0.030135168978725757 -0.025922831002429324 -0.032211428185191793 -0.0083788892345850602
leaf_weight=4201.7039911150932 9.2387850880622846 3916.1508205533028 1734.4921163916588 17.590268194675446 12.254068642854689 9634.0673725008965 7.3944497406482688
leaf_count=15721 34 14650 6490 65 51 40771 30
internal_value=0.00150643 -0.00751538 -0.0219156 -0.0320097 0.0339053 -0.0321333 -0.032199
internal_weight=19532.9 15331.2 11415 9668.29 1746.75 9650.7 9641.46
internal_count=77812 62091 47441 40900 6541 40835 40801
is_linear=0
shrinkage=0.02


Tree=12
num_leaves=10
num_cat=0
split_feature=29 29 49 18 24 13 50 25 50
split_gain=14018.3 22396.6 15567.9 125.607 93.7425 10.0659 11.4531 20.8959 5.26626
threshold=0.89187507336605576 0.89625126321299919 0.78248894990604889 28911.425448392558 1.0000000180025095e-35 5171.3184210526324 0.43085094310041172 118936.57681704262 0.94137983559720551
decision_type=2 2 2 2 2 2 2 2 2
left_child=-1 2 4 -4 -2 8 -7 -8 -6
right_child=1 -3 3 -5 5 6 7 -9 -10
leaf_value=0.033933870200517635 0.027461039574807739 0.033949206352485758 0.033892497588531502 -0.025593895255454961 -0.031768546036092415 -0.029710397238793554 -0.022156668296937038 0.0058768181540816257 -0.0058465604129792938
leaf_weight=4177.2550611793995 8.5808525681495649 3893.4316766262054 1724.4023135900497 12.189678117632864 9504.3677637726068 35.492088884115219 22.64023944735527 14.371383205056189 7.9247835278511038
leaf_count=15721 32 14650 6490 51 40535 150 94 57 32
internal_value=0.00148637 -0.00741779 -0.0216402 0.033423 -0.0316167 -0.0316795 -0.0209874 -0.0105029 -0.0317524
internal_weight=19400.7 15223.4 11330 1736.59 9593.38 9584.8 72.5037 37.0116 9512.29
internal_count=77812 62091 47441 6541 40900 40868 301 151 40567
is_linear=0
shrinkage=0.02


Tree=13
num_leaves=8
num_cat=0
split_feature=29 29 49 27 18 27 50
split_gain=13552.9 21666.6 15070.6 183.889 121.833 94.791 1.45566
threshold=0.89187507336605576 0.89625126321299919 0.78248894990604889 9.852404749846686 28911.425448392558 9.8482919045051371 0.94137983559720551
decision_type=2 2 2 2 2 2 2
left_child=-1 2 3 5 -4 -2 -7
right_child=1 -3 4 -5 -6 6 -8
leaf_value=0.033468186676319088 0.026301770557571526 0.033482766284793589 0.03342760507368301 0.0298314887620834 -0.025274816420815045 -0.031440896983420077 -0.0081721133668953214
leaf_weight=4150.961396843195 9.2273909747600538 3868.9890158474445 1713.5530122816563 17.536190509796143 12.122616305947302 9481.6998392790556 7.3750547617673865
leaf_count=15721 34 14650 6490 65 51 40771 30
internal_value=0.00146697 -0.00732461 -0.0213763 -0.0312397 0.0329633 -0.0313629 -0.0314288
internal_weight=19261.5 15110.5 11241.5 9515.84 1725.68 9498.3 9489.07
internal_count=77812 62091 47441 40900 6541 40835 40801
is_linear=0
shrinkage=0.02


Tree=14
num_leaves=15
num_cat=0
split_feature=29 29 23 23 17 50 50 42 23 17 22 42 25 25
split_gain=13108.7 20969.4 1780.85 7043.27 1449.21 797.933 682.425 362.509 128.859 113.122 76.8049 12.3742 11 3.59961
threshold=0.89187507336605576 0.89625126321299919 3.3842466058243152 3.3497501700808394 4387.175611305177 0.41049297091874126 0.32779084093948024 8.6641283150082149 2.9174053685313028 4507.3683408011175 32377.500000000004 1.1025627471193176 103091.85083184585 592977.9833333334
decision_type=2 2 2 2 2 2 2 2 2 2 2 2 2 2
left_child=-1 2 3 8 -5 6 11 -8 -2 -7 13 -6 -10 -4
right_child=1 -3 10 4 5 9 7 -9 12 -11 -12 -13 -14 -15
leaf_value=0.033024102783988346 0.029904559278437905 0.033037965579949764 -0.031139374031803259 -0.030523248278443563 0.00083434442109776743 0.031749920126062592 -0.0057007480673349417 0.028101647934363875 -0.03116404979729415 -0.020522191088311447 0.012894887513267178 0.032660508206861769 -0.0025029788794539089 -0.0088188357033120394
leaf_weight=4122.9523147642612 11.738888531923292 3842.944562882185 4418.9804219901562 293.81118147075176 7.6970972418785086 910.58294439315796 912.4118360877037 145.26619654893875 4084.2832507193089 14.65158988535404 13.63588862121105 317.51722371578217 8.7685755640268308 9.7946380823850614
leaf_count=15721 44 14650 19163 1273 31 3481 3769 559 17716 63 54 1211 36 41
internal_value=0.00144869 -0.0072354 -0.0211241 -0.0146001 0.0111266 0.0164675 0.00679423 -0.000976154 -0.030915 0.0308365 -0.0309532 0.0320392 -0.0311137 -0.031103
internal_weight=19115 14992.1 11149.1 6706.73 2601.94 2308.13 1382.89 1057.68 4104.79 925.235 4442.41 325.214 4093.05 4428.78
internal_count=77812 62091 47441 28183 10387 9114 5570 4328 17796 3544 19258 1242 17752 19204
is_linear=0
shrinkage=0.02


Tree=15
num_leaves=7
num_cat=0
split_feature=29 29 49 27 18 27
split_gain=12701 20196.6 14199.7 179.135 126.847 86.7041
threshold=0.89187507336605576 0.89625126321299919 0.78248894990604889 9.852404749846686 28911.425448392558 9.8482919045051371
decision_type=2 2 2 2 2 2
left_child=-1 2 3 5 -4 -2
right_child=1 -3 4 -5 -6 -7
leaf_value=0.032599375162794986 0.025809017835788962 0.03261320858662476 0.032679587642649999 0.029417359275123178 -0.025180867652234082 -0.030756053011329196
leaf_weight=4106.312007278204 8.6730220019817335 3798.220603376627 1691.3614428639412 17.712673127651215 13.139446333050726 9287.6480851918459
leaf_count=15771 32 14584 6483 66 56 40617
internal_value=0.00148192 -0.00714251 -0.0208538 -0.0305685 0.0321811 -0.0306934
internal_weight=18923.1 14816.8 11018.5 9314.03 1704.5 9296.32
internal_count=77609 61838 47254 40715 6539 40649
is_linear=0
shrinkage=0.02


Tree=16
num_leaves=7
num_cat=0
split_feature=29 29 49 27 18 27
split_gain=12295.1 19561.8 13761.2 174.099 123.162 84.4683
threshold=0.89187507336605576 0.89625126321299919 0.78248894990604889 9.852404749846686 28911.425448392558 9.8482919045051371
decision_type=2 2 2 2 2 2
left_child=-1 2 3 5 -4 -2
right_child=1 -3 4 -5 -6 -7
leaf_value=0.032194462858195702 0.025447612385078977 0.03220763291339418 0.032269985394567859 0.029005453412690195 -0.024882673337398162 -0.030422580342553653
leaf_weight=4075.1361759901047 8.6489157378673536 3769.4426233172417 1678.7253432273865 17.634112745523453 13.055780842900274 9202.5414263308048
leaf_count=15771 32 14584 6483 66 56 40617
internal_value=0.00146465 -0.00706054 -0.0206217 -0.0302362 0.0317765 -0.0303603
internal_weight=18765.2 14690 10920.6 9228.82 1691.78 9211.19
internal_count=77609 61838 47254 40715 6539 40649
is_linear=0
shrinkage=0.02


Tree=17
num_leaves=7
num_cat=0
split_feature=29 29 18 23 27 27
split_gain=11906.9 18954 11837.4 1721.32 169.565 79.1901
threshold=0.89187507336605576 0.89625126321299919 4326.3207631714886 3.3842466058243152 9.852404749846686 9.8482919045051371
decision_type=2 2 2 2 2 2
left_child=-1 2 4 -4 5 -2
right_child=1 -3 3 -5 -6 -7
leaf_value=0.031807307693397777 0.024678356819587001 0.031819850596316035 0.031941623904397497 -0.029863594334614697 0.028608560694613212 -0.030156779058815017
leaf_weight=4042.5943487286568 8.3481861352920514 3739.3981372117996 1672.4898860752583 199.74742838740349 17.549769729375839 8921.804364785552
leaf_count=15771 31 14584 6509 886 66 39762
internal_value=0.00144813 -0.00698197 -0.0203991 0.0253015 -0.0299695 -0.0300955
internal_weight=18601.9 14559.3 10819.9 1872.24 8947.7 8930.15
internal_count=77609 61838 47254 7395 39859 39793
is_linear=0
shrinkage=0.02


Tree=18
num_leaves=7
num_cat=0
split_feature=29 29 49 27 18 27
split_gain=11535.3 18371.7 12937.4 164.616 115.867 80.3527
threshold=0.89187507336605576 0.89625126321299919 0.78248894990604889 9.852404749846686 28911.425448392558 9.8482919045051371
decision_type=2 2 2 2 2 2
left_child=-1 2 3 5 -4 -2
right_child=1 -3 4 -5 -6 -7
leaf_value=0.031436837542754233 0.024792004961931291 0.031448791611096101 0.031502999511933027 0.028225806438274343 -0.024251260011738118 -0.029795340962155106
leaf_weight=4008.7927731275558 8.5939173400402051 3708.1853003501892 1651.7514942288399 17.460016906261444 12.862622678279875 9025.9818930327892
leaf_count=15771 32 14584 6483 66 56 40617
internal_value=0.0014323 -0.00690667 -0.0201856 -0.0296111 0.0310196 -0.0297335
internal_weight=18433.6 14424.8 10716.6 9052.04 1664.61 9034.58
internal_count=77609 61838 47254 40715 6539 40649
is_linear=0
shrinkage=0.02


Tree=19
num_leaves=7
num_cat=0
split_feature=29 29 49 27 18 27
split_gain=11179.4 17813.2 12550.3 160.147 112.646 78.3593
threshold=0.89187507336605576 0.89625126321299919 0.78248894990604889 9.852404749846686 28911.425448392558 9.8482919045051371
decision_type=2 2 2 2 2 2
left_child=-1 2 3 5 -4 -2
right_child=1 -3 4 -5 -6 -7
leaf_value=0.031082064225219867 0.024461130833617197 0.031093459344062047 0.031144271072934913 0.027856376286016244 -0.023978630253735349 -0.029499871478232666
leaf_weight=3973.8324383199215 8.5633189082145673 3675.897724211216 1637.527146935463 17.365213483572006 12.772337302565573 8934.9928221553564
leaf_count=15771 32 14584 6483 66 56 40617
internal_value=0.00141713 -0.0068343 -0.0199802 -0.0293166 0.0306649 -0.0294383
internal_weight=18261 14287.1 10611.2 8960.92 1650.3 8943.56
internal_count=77609 61838 47254 40715 6539 40649
is_linear=0
shrinkage=0.02


Tree=20
num_leaves=11
num_cat=0
split_feature=29 29 49 23 18 13 50 50 50 50
split_gain=10795.9 17184.5 12241.4 110.373 101.273 5.30156 5.78863 1.11954 0.742306 0.628916
threshold=0.89187507336605576 0.89625126321299919 0.78248894990604889 2.9174053685313028 28911.425448392558 5171.3622807017555 0.43085094310041172 0.94137983559720551 0.43495963328582171 0.43342562237870674
decision_type=2 2 2 2 2 2 2 2 2 2
left_child=-1 2 3 -2 -4 7 -7 -5 9 -8
right_child=1 -3 4 5 -6 6 8 -9 -10 -11
leaf_value=0.030741671562425476 0.029135337261982967 0.03075294548544576 0.030802721949477512 -0.02919007124760083 -0.023260107596491532 -0.026974795090281431 -0.0066098287549780834 -0.0072491856338958586 -0.014463521421009302 0
leaf_weight=3924.7930233776569 10.84245443344116 3629.1476335525513 1631.9473207890987 8765.2283240705729 11.774633854627607 32.296628355979919 6.8132997751235953 7.3236451894044867 20.130459919571877 8.3092944175004941
leaf_count=15719 42 14530 6519 40264 52 146 30 31 88 35
internal_value=0.00140559 -0.00674682 -0.0197218 -0.0290324 0.0303633 -0.0291149 -0.0197418 -0.029178 -0.0109492 -0.0027921
internal_weight=18048.6 14123.8 10494.7 8850.94 1643.72 8840.1 67.5497 8772.55 35.2531 15.1226
internal_count=77456 61737 47207 40636 6571 40594 299 40295 153 65
is_linear=0
shrinkage=0.02


Tree=21
num_leaves=23
num_cat=0
split_feature=27 27 49 46 50 23 25 23 46 23 17 23 46 17 15 49 47 23 18 25 13 49
split_gain=9181.22 15013.9 10802.5 1091.08 431.552 291.142 212.377 148.816 122.768 97.7013 67.1991 65.7238 46.0478 183.264 45.71 20.6863 10.1974 9.3446 7.2904 6.4685 4.14432 1.64177
threshold=9.8482919045051371 9.852404749846686 0.78248894990604889 0.57512625054985966 0.60341618801823282 2.9174053685313028 150816.99544944629 2.9174053685313028 0.65963465301339452 5.0673293977687841 3460.1544617784712 3.3842466058243152 0.53670511536050036 3209.0384012539189 4580.5211151435178 0.72869513967501953 0.62193588681630452 3.9219243190762363 28920.320783176219 117310.74070983149 3554.8650385206824 0.44927088730088655
decision_type=2 2 2 2 2 2 2 2 2 2 2 2 2 2 2 2 2 2 2 2 2 2
left_child=-1 2 3 5 6 -2 7 -5 14 12 -9 -4 15 -14 18 -7 -10 21 -6 -13 -19 -8
right_child=1 -3 11 4 8 9 17 10 16 -11 -12 19 13 -15 -16 -17 -18 20 -20 -21 -22 -23
leaf_value=0.030407682688556554 0.029562145197666392 0.030410278288801648 0.030472953835732008 0.02687357102331437 0.028367930984006584 -0.028575276770070102 0.00884563723734157 -0.0042019711403777629 0 0.020894564625857717 -0.023971390988050449 -0.018865016746370901 0.026994999535905975 -0.024597122158285877 -0.014751302633165538 -0.011014453136645381 -0.022391549068841742 0.0028678335195473073 0.0011244802940918366 0.001372981014299309 0.026820476632943166 -0.00062293539056816724
leaf_weight=3504.4980990290642 33.097040995955467 3486.9491728395224 1619.0115392208099 26.224122673273087 185.16232989728451 7829.5032740235329 7.4613925665616971 92.064229905605316 13.260584637522696 14.041537120938299 366.39880265295506 6.7475691437721279 26.762886479496956 513.37310031056404 8.3200154006481153 37.688874304294586 20.750017866492271 7.7810673266649237 7.3267786353826514 11.703000813722609 43.730582535266876 7.1195532530546188
leaf_count=14172 133 14100 6528 106 749 36329 31 401 57 57 1678 30 108 2356 38 167 95 33 31 49 177 31
internal_value=0.00139119 -0.00568842 -0.0172675 -0.0256602 -0.00304881 -0.0277553 -0.0127632 -0.0173989 0.0194831 -0.0279923 -0.0201238 0.0300408 -0.0280837 -0.0218769 0.0254804 -0.0284991 -0.0142647 0.0201575 0.0275588 -0.00519345 0.0241922 0.00229246
internal_weight=17869 14364.5 10877.5 9240.07 785.599 8454.47 550.78 484.687 234.82 8421.37 458.463 1637.46 8407.33 540.136 200.809 7867.19 34.0106 66.0926 192.489 18.4506 51.5116 14.5809
internal_count=77456 63284 49184 42577 3427 39150 2457 2185 970 39017 2079 6607 38960 2464 818 36496 152 272 780 79 210 62
is_linear=0
shrinkage=0.02


Tree=22
num_leaves=11
num_cat=0
split_feature=29 29 49 23 18 13 50 25 13 50
split_gain=10167.4 16210.8 11540.5 104.797 96.768 5.27482 5.69175 21.565 23.925 1.01103
threshold=0.89187507336605576 0.89625126321299919 0.78248894990604889 2.9174053685313028 28911.425448392558 5171.3622807017555 0.43085094310041172 103091.85083184585 5921.8883177570106 0.94137983559720551
decision_type=2 2 2 2 2 2 2 2 2 2
left_child=-1 2 3 -2 -4 9 -7 -8 -9 -5
right_child=1 -3 4 5 -6 6 7 8 -10 -11
leaf_value=0.030113247742159361 0.028299119460302266 0.03013357067419703 0.030156635759384622 -0.02866432362260013 -0.022895117441919216 -0.02644701552802535 -0.024864383177804115 0.028226221824024608 -0.014098265201437872 -0.0070407851048631667
leaf_weight=3851.2235612869263 10.769186347723005 3562.1743161380291 1601.2504505366087 8581.3288276791573 11.650907814502714 31.701978415250778 18.098484069108963 7.5650911480188396 9.2002487480640394 7.2863567620515814
leaf_count=15719 42 14530 6519 40264 52 146 82 30 41 31
internal_value=0.00137741 -0.00661856 -0.0193624 -0.0285071 0.0297208 -0.0285889 -0.0192366 -0.0105158 0.00384125 -0.0286523
internal_weight=17692.2 13841 10278.9 8665.95 1612.9 8655.18 66.5658 34.8638 16.7653 8588.62
internal_count=77456 61737 47207 40636 6571 40594 299 153 71 40295
is_linear=0
shrinkage=0.02


Tree=23
num_leaves=7
num_cat=0
split_feature=29 29 49 27 18 23
split_gain=9866.66 15737.1 11207.6 140.662 94.2393 52.2183
threshold=0.89187507336605576 0.89625126321299919 0.78248894990604889 9.852404749846686 28911.425448392558 2.9174053685313028
decision_type=2 2 2 2 2 2
left_child=-1 2 3 5 -4 -2
right_child=1 -3 4 -5 -6 -7
leaf_value=0.02981239891281454 0.025472246001966462 0.029831873877324156 0.0298528473911574 0.02681704637611363 -0.022649992264324542 -0.028410832880340312
leaf_weight=3812.6936388909817 4.9725053012371054 3526.6128998696804 1585.3741340190172 16.295880168676376 11.563977330923079 8548.7994206994772
leaf_count=15719 19 14530 6519 63 52 40554
internal_value=0.00136413 -0.00655695 -0.0191864 -0.0282531 0.0294198 -0.0283689
internal_weight=17506.3 13693.6 10167 8570.07 1596.94 8553.77
internal_count=77456 61737 47207 40636 6571 40573
is_linear=0
shrinkage=0.02


Tree=24
num_leaves=7
num_cat=0
split_feature=29 29 49 27 23 23
split_gain=9577.44 15281.3 10887.1 137.045 91.808 51.1041
threshold=0.89187507336605576 0.89625126321299919 0.78248894990604889 9.852404749846686 3.3842466058243152 2.9174053685313028
decision_type=2 2 2 2 2 2
left_child=-1 2 3 5 -4 -2
right_child=1 -3 4 -5 -6 -7
leaf_value=0.029523329556652197 0.025089837823772009 0.029542000114140054 0.029560964896335983 0.026490504636745148 -0.022410635547732784 -0.02816560283106942
leaf_weight=3773.4382422268391 4.9777555167675009 3490.3764848858118 1569.1898447573185 16.192512273788452 11.475983947515486 8451.7601887881756
leaf_count=15719 19 14530 6519 63 52 40554
internal_value=0.00135172 -0.00649732 -0.0190167 -0.0280083 0.0291305 -0.0281236
internal_weight=17317.4 13544 10053.6 8472.93 1580.67 8456.74
internal_count=77456 61737 47207 40636 6571 40573
is_linear=0
shrinkage=0.02


Tree=25
num_leaves=9
num_cat=0
split_feature=29 29 49 27 18 27 48 48
split_gain=9320.96 14893 10560.9 151.646 85.8504 78.846 4.00458 1.30559
threshold=0.89187507336605576 0.89625126321299919 0.78248894990604889 9.852404749846686 28911.425448392558 9.8482919045051371 0.70158417772348469 0.75401322066961984
decision_type=2 2 2 2 2 2 2 2
left_child=-1 2 3 5 -4 -2 -7 -8
right_child=1 -3 4 -5 -6 6 7 -9
leaf_value=0.029246997018892537 0.024984179479031372 0.029262650721163123 0.029279739374863192 0.026773202124079212 -0.021936875136701142 -0.028004013201741278 -0.013521649690249993 -0.025257837774402919
leaf_weight=3747.0280739217997 9.0344268679618818 3467.2190580517054 1550.5536197423935 18.136602535843849 10.953314647078512 8289.5551539808512 43.294961288571358 35.094118714332581
leaf_count=15775 34 14588 6510 71 50 40257 199 168
internal_value=0.00136315 -0.00642035 -0.0188537 -0.0277395 0.0288673 -0.0278686 -0.0279364 -0.0197711
internal_weight=17170.9 13423.8 9956.62 8395.12 1561.51 8376.98 8367.94 78.3891
internal_count=77652 61877 47289 40729 6560 40658 40624 367
is_linear=0
shrinkage=0.02


Tree=26
num_leaves=11
num_cat=0
split_feature=29 29 49 27 18 27 13 50 13 50
split_gain=9052.87 14469.4 10264.1 147.778 83.7015 77.0047 4.57424 10.7911 5.45855 0.992152
threshold=0.89187507336605576 0.89625126321299919 0.78248894990604889 9.852404749846686 28911.425448392558 9.8482919045051371 5171.3184210526324 0.43314367218791633 5171.8697994987479 0.94985092166683538
decision_type=2 2 2 2 2 2 2 2 2 2
left_child=-1 2 3 5 -4 -2 9 -8 -9 -7
right_child=1 -3 4 -5 -6 6 7 8 -10 -11
leaf_value=0.028979592435218308 0.024654975058299944 0.028994604452231124 0.029009825933356354 0.026458759085180483 -0.021710306364442388 -0.027782472341719936 -0.025917144245968554 0 -0.016966444665990604 -0.0057739444377789906
leaf_weight=3706.3979982286692 8.9990167766809446 3429.6827977895737 1533.8670578151941 18.010139763355255 10.868002116680143 8197.9056820124388 36.852109163999557 17.929235726594928 9.8530836254358274 6.5971741527318946
leaf_count=15775 34 14588 6510 71 50 40293 177 79 46 29
internal_value=0.00135127 -0.00636537 -0.0186963 -0.0275123 0.0285995 -0.0276409 -0.0277086 -0.0185823 -0.00642285 -0.0277711
internal_weight=16977 13270.6 9840.88 8296.15 1544.74 8278.14 8269.14 64.6344 27.7823 8204.5
internal_count=77652 61877 47289 40729 6560 40658 40624 302 125 40322
is_linear=0
shrinkage=0.02


Tree=27
num_leaves=11
num_cat=0
split_feature=29 29 49 27 18 27 13 50 13 50
split_gain=8794.84 14061.5 9977.88 144.044 81.6316 75.2256 4.55085 10.5671 5.32293 0.950778
threshold=0.89187507336605576 0.89625126321299919 0.78248894990604889 9.852404749846686 28911.425448392558 9.8482919045051371 5171.3184210526324 0.43314367218791633 5171.8697994987479 0.94985092166683538
decision_type=2 2 2 2 2 2 2 2 2 2
left_child=-1 2 3 5 -4 -2 9 -8 -9 -7
right_child=1 -3 4 -5 -6 6 7 8 -10 -11
leaf_value=0.028722218015175965 0.02433514535813236 0.028736616430677712 0.028750037343640629 0.026153964737842809 -0.021488644115081734 -0.027562920881369052 -0.025687884508693241 0 -0.016776452190063615 -0.0056936016454204518
leaf_weight=3665.2496553808451 8.961603030562399 3391.6640984416008 1516.9607367664576 17.880240097641945 10.78200404345989 8098.9522834718227 36.459192216396332 17.929235726594928 9.7886758744716627 6.5848096162080756
leaf_count=15775 34 14588 6510 71 50 40293 177 79 46 29
internal_value=0.00133976 -0.00631242 -0.0185444 -0.0272931 0.0283417 -0.0274212 -0.0274888 -0.0183733 -0.00632463 -0.0275515
internal_weight=16781.2 13116 9724.3 8196.56 1527.74 8178.68 8169.71 64.1771 27.7179 8105.54
internal_count=77652 61877 47289 40729 6560 40658 40624 302 125 40322
is_linear=0
shrinkage=0.02


Tree=28
num_leaves=11
num_cat=0
split_feature=29 29 49 27 18 27 13 50 13 50
split_gain=8546.33 13668.2 9701.84 140.438 79.6368 73.5056 4.53327 10.3519 5.19108 0.912679
threshold=0.89187507336605576 0.89625126321299919 0.78248894990604889 9.852404749846686 28911.425448392558 9.8482919045051371 5171.3184210526324 0.43314367218791633 5171.8697994987479 0.94985092166683538
decision_type=2 2 2 2 2 2 2 2 2 2
left_child=-1 2 3 5 -4 -2 9 -8 -9 -7
right_child=1 -3 4 -5 -6 6 7 8 -10 -11
leaf_value=0.028474365480692616 0.024024227178858826 0.028488179330113397 0.028499861439103148 0.025858315550745005 -0.02127167365483754 -0.027350924857784058 -0.025465120901947122 0 -0.016589442507488013 -0.0056143610539388655
leaf_weight=3623.6463078260422 8.9223087579011899 3353.2209926247597 1499.8607969135046 17.747184127569199 10.695412799715994 7999.5084993094206 36.064039647579193 17.929235726594928 9.7242371439933759 6.5725443065166465
leaf_count=15775 34 14588 6510 71 50 40293 177 79 46 29
internal_value=0.00132867 -0.00626133 -0.0183978 -0.0270814 0.0280934 -0.027209 -0.0272765 -0.0181685 -0.00622798 -0.0273395
internal_weight=16583.9 12960.2 9607.02 8096.47 1510.56 8078.72 8069.8 63.7175 27.6535 8006.08
internal_count=77652 61877 47289 40729 6560 40658 40624 302 125 40322
is_linear=0
shrinkage=0.02


Tree=29
num_leaves=11
num_cat=0
split_feature=29 29 49 23 18 13 50 25 13 50
split_gain=8306.85 13289.1 9435.45 108.674 77.7133 10.7443 11.1553 28.98 27.7954 1.46706
threshold=0.89187507336605576 0.89625126321299919 0.78248894990604889 2.9174053685313028 28911.425448392558 5171.3184210526324 0.43085094310041172 103091.85083184585 5172.0160401002513 0.94137983559720551
decision_type=2 2 2 2 2 2 2 2 2 2
left_child=-1 2 3 -2 -4 9 -7 -8 -9 -5
right_child=1 -3 4 5 -6 6 7 8 -10 -11
leaf_value=0.028235561017302419 0.028146680015715055 0.028248817280027271 0.028258815550027721 -0.027067702785673206 -0.021059191152034064 -0.024973242054969563 -0.023691132735325304 0.031877116807465126 -0.01297772915924047 -0.0071147493888110772
leaf_weight=3581.6470288783312 12.100859642028807 3314.4086701869965 1482.5921272933483 7908.9691824764013 10.608317136764525 31.8550895601511 17.478988170623779 9.3541715592145938 7.6340720504522315 8.5980517417192441
leaf_count=15775 49 14588 6510 40327 50 158 83 38 36 38
internal_value=0.00131797 -0.006212 -0.0182562 -0.0268768 0.027854 -0.0269722 -0.0162471 -0.00615812 0.0103701 -0.0270529
internal_weight=16385.2 12803.6 9489.19 7995.99 1493.2 7983.89 66.3223 34.4672 16.9882 7917.57
internal_count=77652 61877 47289 40729 6560 40680 315 157 74 40365
is_linear=0
shrinkage=0.02


Tree=30
num_leaves=24
num_cat=0
split_feature=50 49 47 23 23 28 28 16 0 40 18 23 23 0 4 28 40 25 23 28 25 23 40
split_gain=3435.02 2971.43 4368.32 2295.11 4577.36 1875.86 1871.46 1270.82 505.594 151.542 118.642 138.829 200.364 114.184 99.2387 87.4884 69.8284 41.8605 54.7693 35.3863 25.1176 105.085 73.0769
threshold=0.53430002385739706 0.74593229477041645 0.17718463642112975 2.9174053685313028 2.9700856263602158 0.099994142961201002 0.31589577481005859 3217.3464206570966 6025.0000000000009 3116.4746425166832 5279.2259844961245 4.3107766033702406 4.2972622671762819 1861.0000000000002 32.827537500000012 0.79569608264226177 4604.0048646249461 106646.76831954009 3.3842466058243152 0.030095172073618653 74652.171894197571 3.0201273556387074 5237.6350242550252
decision_type=2 2 2 2 2 2 2 2 2 2 2 2 2 2 2 2 2 2 2 2 2 2 2
left_child=1 2 -1 -4 9 13 7 -7 -8 15 20 12 16 14 -6 19 17 18 -12 -5 21 -2 -23
right_child=10 -3 3 4 5 6 8 -9 -10 -11 11 -13 -14 -15 -16 -17 -18 -19 -20 -21 -22 22 -24
leaf_value=-0.026698106118765094 0.027336907039644826 0.028061939108241604 0.028015179829980818 6.1309561985928312e-05 -0.0045742499736442389 0.022091556268869428 0.027939034275034726 -0.013187707805205673 -0.0045127496871341386 0.023506302362286957 0.021429837709860775 0.027230024346693651 -0.023575146504574568 0.027935555178657961 0.020382175565554991 0.01656355413808808 0.027034617644227227 0.023473807711814461 -0.024009828167583076 -0.025638254503972585 0.02698927861094734 0.01775005234926513 -0.0094491810850830735
leaf_weight=2933.7996997088194 340.44881661236286 1162.9185611605644 1121.863987788558 18.473879963159561 78.790314689278603 479.20194545388222 962.87513670325279 2680.6087056845427 236.57858334481716 23.569363668560982 12.560791820287703 161.86814916133881 74.149635195732117 1316.0014304071665 274.84167924523354 17.564714029431343 90.593120083212852 19.071717694401741 33.308102697134018 2523.1599151492119 1484.3910556286573 100.04933795332909 60.77241276204586
leaf_count=15141 1520 5162 5000 88 381 2167 4293 13359 1152 105 56 720 374 5869 1246 80 403 85 169 12998 6629 457 300
internal_value=0.0013148 -0.00250091 -0.00531387 0.00113165 -0.00237159 0.00716747 0.000250862 -0.00781418 0.0215081 -0.0246422 0.0235142 0.0131343 0.00287853 0.0251803 0.0147149 -0.0251192 0.0158832 0 -0.0103555 -0.0254358 0.0255256 0.0210219 0.00723634
internal_weight=16207.5 13830.2 12667.3 9733.53 8611.67 6028.9 4359.26 3159.81 1199.45 2582.77 2377.21 391.552 229.683 1669.63 353.632 2559.2 155.534 64.9406 45.8689 2541.63 1985.66 501.271 160.822
internal_count=77754 67041 61879 46738 41738 28467 20971 15526 5445 13271 10713 1807 1087 7496 1627 13166 713 310 225 13086 8906 2277 757
is_linear=0
shrinkage=0.02


Tree=31
num_leaves=10
num_cat=0
split_feature=29 29 49 27 18 27 13 48 13
split_gain=7888.84 12686 8954.98 131.213 83.3763 73.7572 9.16088 4.76683 7.02081
threshold=0.89187507336605576 0.89625126321299919 0.78248894990604889 9.852404749846686 28911.425448392558 9.8482919045051371 5171.3184210526324 0.70158417772348469 5171.8697994987479
decision_type=2 2 2 2 2 2 2 2 2
left_child=-1 2 3 5 -4 -2 -7 -8 -9
right_child=1 -3 4 -5 -6 6 7 8 -10
leaf_value=0.027833899350779616 0.023791103198131155 0.027850809501214449 0.02780457767563814 0.025334535748415214 -0.021315783071613671 -0.026781568282387345 -0.022927728718881216 0 -0.017178961631137812
leaf_weight=3502.5667127668858 9.3067661970853788 3255.6815241575241 1451.5873159766197 17.215069070458412 11.66273859143257 7737.758837044239 28.167972043156624 17.787830978631973 14.960795298218725
leaf_count=15759 36 14635 6527 70 56 40377 142 79 73
internal_value=0.00130259 -0.00610554 -0.0180153 -0.0265095 0.0273572 -0.0266354 -0.0267068 -0.0160211 -0.00795161
internal_weight=16046.7 12544.1 9288.45 7825.2 1463.25 7807.98 7798.68 60.9166 32.7486
internal_count=77754 61995 47360 40777 6583 40707 40671 294 152
is_linear=0
shrinkage=0.02


Tree=32
num_leaves=9
num_cat=0
split_feature=29 29 49 27 18 27 23 25
split_gain=7672.57 12341.3 8713.9 128.033 81.3954 72.1125 45.9499 2.0065
threshold=0.89187507336605576 0.89625126321299919 0.78248894990604889 9.852404749846686 28911.425448392558 9.8482919045051371 2.9174053685313028 592977.9833333334
decision_type=2 2 2 2 2 2 2 2
left_child=-1 2 3 5 -4 -2 -7 -8
right_child=1 -3 4 -5 -6 6 7 -9
leaf_value=0.027617938984636853 0.023500644701164492 0.027634210152863097 0.027588269563533635 0.025061737185622008 -0.021111368166529504 0.026648340189447662 -0.026576654005712689 -0.0061528173572721898
leaf_weight=3459.8018538653851 9.2585615962743741 3215.9906682670116 1433.9027565419674 17.077561140060425 11.560546994209288 4.2443503439426413 7685.105079010129 8.4120851308107358
leaf_count=15759 36 14635 6527 70 56 16 40614 41
internal_value=0.00129295 -0.00606077 -0.0178862 -0.0263228 0.0271425 -0.0264483 -0.0265197 -0.0265611
internal_weight=15845.4 12385.6 9169.56 7724.1 1445.46 7707.02 7697.76 7693.52
internal_count=77754 61995 47360 40777 6583 40707 40671 40655
is_linear=0
shrinkage=0.02


Tree=33
num_leaves=10
num_cat=0
split_feature=29 29 49 23 18 13 50 23 50
split_gain=7463.69 12008.2 8480.81 103.46 79.4819 14.887 12.739 23.8242 2.87752
threshold=0.89187507336605576 0.89625126321299919 0.78248894990604889 2.9174053685313028 28911.425448392558 5171.3184210526324 0.43342562237870674 3.0677824455408698 0.85321880095028524
decision_type=2 2 2 2 2 2 2 2 2
left_child=-1 2 3 -2 -4 8 -7 -8 -5
right_child=1 -3 4 5 -6 6 7 -9 -10
leaf_value=0.027409493514060031 0.027522950242663127 0.027425152369761997 0.027379460581654066 -0.026366877389193234 -0.020910983692251243 -0.021925369209392431 -0.019711168379499832 0.014970246358849408 -0.013719142897832949
leaf_weight=3416.8381944894791 12.093077063560484 3176.1118343919516 1416.135553792119 7521.1125283241272 11.458099514245985 35.410274088382721 14.185186967253687 12.934202089905737 27.136694118380547
leaf_count=15759 50 14635 6527 40288 56 181 68 57 133
internal_value=0.00128387 -0.00601721 -0.0177611 -0.0261419 0.0269352 -0.0262396 -0.0141903 -0.00190458 -0.0263304
internal_weight=15643.4 12226.6 9050.47 7622.87 1427.59 7610.78 62.5297 27.1194 7548.25
internal_count=77754 61995 47360 40777 6583 40727 306 125 40421
is_linear=0
shrinkage=0.02


Tree=34
num_leaves=10
num_cat=0
split_feature=29 29 49 27 18 27 13 48 13
split_gain=7262.12 11686.3 8255.1 124.326 77.6326 70.4122 9.29089 4.94205 6.75239
threshold=0.89187507336605576 0.89625126321299919 0.78248894990604889 9.852404749846686 28911.425448392558 9.8482919045051371 5171.3184210526324 0.70158417772348469 5171.8697994987479
decision_type=2 2 2 2 2 2 2 2 2
left_child=-1 2 3 5 -4 -2 -7 -8 -9
right_child=1 -3 4 -5 -6 6 7 8 -10
leaf_value=0.027208214583629903 0.023360442431029055 0.027223287455734112 0.02717780348530812 0.0248589079791578 -0.02071446029159682 -0.026240711045701977 -0.022398689171150996 0 -0.01651050274369387
leaf_weight=3373.7210793942213 9.2041113376617414 3136.0872355997562 1398.3044674992561 16.923629656434059 11.355477809906004 7436.6768317818642 27.372056871652603 17.567354023456573 14.563608825206755
leaf_count=15759 36 14635 6527 70 56 40377 142 79 73
internal_value=0.0012747 -0.00597521 -0.0176394 -0.0259653 0.0267349 -0.0260918 -0.0261641 -0.0153933 -0.00729075
internal_weight=15441.8 12068.1 8931.97 7522.31 1409.66 7505.38 7496.18 59.503 32.131
internal_count=77754 61995 47360 40777 6583 40707 40671 294 152
is_linear=0
shrinkage=0.02


Tree=35
num_leaves=10
num_cat=0
split_feature=29 29 49 27 27 18 48 13 13
split_gain=7088.32 11304.4 8036.57 122.471 71.9055 70.0028 4.66874 3.66583 4.30258
threshold=0.89187507336605576 0.89625126321299919 0.78248894990604889 9.852404749846686 9.8482919045051371 28911.425448392558 0.70158417772348469 5171.3622807017555 5171.8697994987479
decision_type=2 2 2 2 2 2 2 2 2
left_child=-1 2 3 4 -2 -4 -6 -8 -9
right_child=1 -3 5 -5 6 -7 7 8 -10
leaf_value=0.027013103955655624 0.023503190755633868 0.027028402238329256 0.026983048583472419 0.024567009429314678 -0.026068506235593571 -0.020050525304554982 -0.022655233309541476 -0.00023042100749188653 -0.017105684108500104
leaf_weight=3341.9542459994555 9.4586796760559064 3076.3552975058556 1380.0143123716116 16.97951403260231 7302.9950394034386 10.446289077401159 39.113976776599884 18.511466696858406 13.619661599397658
leaf_count=15814 37 14542 6525 71 40192 52 211 84 69
internal_value=0.00129093 -0.00595254 -0.0175019 -0.0257931 -0.025921 0.0265727 -0.0259961 -0.0175214 -0.00913862
internal_weight=15209.4 11867.5 8791.14 7400.68 7383.7 1390.46 7374.24 71.2451 32.1311
internal_count=77597 61783 47241 40664 40593 6577 40556 364 153
is_linear=0
shrinkage=0.02


Tree=36
num_leaves=21
num_cat=0
split_feature=27 27 49 46 50 23 23 23 40 23 23 17 46 17 49 46 49 47 51 50
split_gain=6076.27 9867.43 7099.3 755.179 283.999 206.5 140.246 88.4661 84.8538 66.5135 45.9286 44.7341 37.6628 110.131 22.0418 26.8753 17.9059 10.381 8.85989 3.59604
threshold=9.8482919045051371 9.852404749846686 0.78248894990604889 0.57512625054985966 0.58406365887607381 2.9174053685313028 3.7726948748059121 2.9174053685313028 4490.095701125897 5.0673293977687841 3.3842466058243152 3460.1544617784712 0.53930123752966652 3209.0384012539189 0.38045198692524529 0.65963465301339452 0.69529314019160282 0.39755621648850242 0.013114123537893941 0.62623936228270993
decision_type=2 2 2 2 2 2 2 2 2 2 2 2 2 2 2 2 2 2 2 2
left_child=-1 2 3 5 6 -2 7 -5 18 12 -4 -9 16 -14 -10 -16 -7 -8 -6 -20
right_child=1 -3 10 4 8 9 17 11 14 -11 -12 -13 13 -15 15 -17 -18 -19 19 -21
leaf_value=0.026824074988059041 0.027092766331846645 0.026813746668106681 0.026794735312738297 0.022650606999815647 0 -0.025547988508179766 0 -0.0028692614391238841 0.02597528847959352 0.018549355880715237 -0.004409544844301296 -0.02113554160995583 0.023042548487051197 -0.021092813241223311 0.0045294606449288099 -0.021803638847430865 -0.010942461144660085 0.021605497915335354 0.0018643534361257631 0.026359023331162169
leaf_weight=2983.1803089827299 28.315909489989281 2934.7885722666979 1363.3600643575191 20.411307826638222 6.9727798253297797 6548.5244392305613 7.0694650560617438 72.094298660755157 6.8188365697860709 11.620572209358214 16.373627856373787 306.62453588843346 21.551074162125587 386.95623728632927 29.056700140237808 26.196612313389778 47.560251384973526 46.317153736948967 6.3723459541797629 137.44538159668446
leaf_count=14308 131 14082 6531 98 35 36525 36 365 31 55 80 1668 102 2107 145 139 251 220 32 656
internal_value=0.00128227 -0.00505456 -0.015352 -0.022832 -0.00239074 -0.0247558 -0.0113931 -0.0155259 0.0164888 -0.0249784 0.0263896 -0.0177967 -0.0250616 -0.0185661 -0.00257595 -0.00758242 -0.0254521 0.0182276 0.0245294 0.0255885
internal_weight=15007.6 12024.4 9089.64 7709.91 665.379 7044.53 452.517 399.13 212.863 7016.21 1379.73 378.719 7004.59 408.507 62.0721 55.2533 6596.08 53.3866 150.791 143.818
internal_count=77597 63289 49207 42596 3425 39171 2387 2131 1038 39040 6611 2033 38985 2209 315 284 36776 256 723 688
is_linear=0
shrinkage=0.02


Tree=37
num_leaves=11
num_cat=0
split_feature=29 29 49 23 23 13 23 50 13 50
split_gain=6723.38 10735.7 7623.64 101.438 67.6861 11.7594 9.48797 31.7893 19.938 4.06438
threshold=0.89187507336605576 0.89625126321299919 0.78248894990604889 2.9174053685313028 3.3842466058243152 5171.3184210526324 3.0201273556387074 0.43085094310041172 5172.0160401002513 0.85321880095028524
decision_type=2 2 2 2 2 2 2 2 2 2
left_child=-1 2 3 -2 -4 9 -7 -8 -9 -5
right_child=1 -3 4 5 -6 6 7 8 -10 -11
leaf_value=0.026650745927474621 0.027651013106675438 0.026671669092910265 0.026612641397395387 -0.025705502038192357 -0.019823497425490902 -0.023791575197980013 -0.022467068068700764 0.030628877241015921 -0.0072727625225837709 -0.011986873440124411
leaf_weight=3256.3166171312332 12.08651642501354 2998.7767463922501 1344.1981496214867 7104.53712195158 10.332439869642256 26.312958970665932 19.917952731251717 9.0896881520748156 7.3184997439384452 24.643215984106064
leaf_count=15814 51 14542 6525 40171 52 137 106 38 36 125
internal_value=0.00127384 -0.00587618 -0.0172888 -0.0254765 0.0262002 -0.025579 -0.0144518 -0.00575426 0.0125973 -0.0256671
internal_weight=14813.5 11557.2 8558.44 7203.91 1354.53 7191.82 62.6391 36.3261 16.4082 7129.18
internal_count=77597 61783 47241 40664 6577 40613 317 180 74 40296
is_linear=0
shrinkage=0.02


Tree=38
num_leaves=10
num_cat=0
split_feature=29 29 49 27 27 18 48 50 25
split_gain=6546.7 10455.3 7425.67 115.357 68.7023 66.1903 4.93855 6.07196 26.6398
threshold=0.89187507336605576 0.89625126321299919 0.78248894990604889 9.852404749846686 9.8482919045051371 28911.425448392558 0.70158417772348469 0.43342562237870674 106646.76831954009
decision_type=2 2 2 2 2 2 2 2 2
left_child=-1 2 3 4 -2 -4 -6 -8 -9
right_child=1 -3 5 -5 6 -7 7 8 -10
leaf_value=0.026474858922341131 0.023065043673278381 0.026495043809248109 0.026436505199215442 0.024024465075893082 -0.025599089329832108 -0.019641166238469801 -0.023699042779945043 -0.018399055396826462 0.018354923574064076
leaf_weight=3212.8415459394455 9.3441970944404584 2958.8075116276741 1326.2843729108572 16.597458809614182 7009.2700268626213 10.239295065402983 33.892908826470375 27.252278819680214 8.0588089227676374
leaf_count=15814 37 14542 6525 71 40192 52 187 141 36
internal_value=0.00126559 -0.00583914 -0.0171816 -0.0253205 -0.0254484 0.0260248 -0.0255246 -0.0169122 -0.00840462
internal_weight=14612.6 11399.7 8440.94 7104.42 7087.82 1336.52 7078.47 69.204 35.3111
internal_count=77597 61783 47241 40664 40593 6577 40556 364 177
is_linear=0
shrinkage=0.02


Tree=39
num_leaves=9
num_cat=0
split_feature=29 29 49 23 18 48 23 48
split_gain=6375.68 10183.9 7234.16 98.2879 64.7419 8.44868 8.74549 1.22705
threshold=0.89187507336605576 0.89625126321299919 0.78248894990604889 2.9174053685313028 28911.425448392558 0.70158417772348469 3.795426061844291 0.71295792469693187
decision_type=2 2 2 2 2 2 2 2
left_child=-1 2 3 -2 -4 -5 7 -7
right_child=1 -3 4 5 -6 6 -8 -9
leaf_value=0.026304691354819845 0.027413182584694402 0.026324166838830126 0.026266067450560229 -0.025360517032340508 -0.019461918681606974 -0.0057633639524019989 0 -0.020859067491984542
leaf_weight=3169.4029531031847 11.92192557454109 2918.8682442009449 1308.3856548219919 6922.1345203071833 10.146286457777022 12.67548495531082 10.663354784250258 47.482986733317375
leaf_count=15814 51 14542 6525 40238 52 64 54 257
internal_value=0.00125788 -0.00580314 -0.017078 -0.0251701 0.025855 -0.0252733 -0.0157344 -0.0186097
internal_weight=14411.7 11242.3 8323.41 7004.88 1318.53 6992.96 70.8218 60.1585
internal_count=77597 61783 47241 40664 6577 40613 375 321
is_linear=0
shrinkage=0.02


Tree=40
num_leaves=10
num_cat=0
split_feature=29 29 49 27 23 23 27 50 25
split_gain=6212.4 9922.43 6993.86 104.343 68.6214 58.4645 44.0279 2.04887 0.405534
threshold=0.89187507336605576 0.89625126321299919 0.78248894990604889 9.852404749846686 3.3842466058243152 2.9174053685313028 9.8482919045051371 0.94985092166683538 559890.74153279106
decision_type=2 2 2 2 2 2 2 2 2
left_child=-1 2 3 5 -4 -2 -7 8 -8
right_child=1 -3 4 -5 -6 6 7 -9 -10
leaf_value=0.026140640578778452 0.026264746072631077 0.026158118155536383 0.026100631054145888 0.023556899347371419 -0.019759641332772863 0.020418667711167373 -0.025312378544557299 -0.0025272865986847078 -0.0099878886632436669
leaf_weight=3128.3524027466774 6.5492048114538184 2875.4702392220497 1279.6543055921793 15.310587078332899 10.828178018331526 6.0858348906040183 6832.4192246049643 5.9566269069910041 12.781698375940321
leaf_count=15825 26 14525 6470 66 56 23 40292 28 69
internal_value=0.00126779 -0.00577692 -0.0170257 -0.0250433 0.0256549 -0.0251644 -0.025227 -0.0252793 -0.0252925
internal_weight=14173.4 11045.1 8169.59 6879.1 1290.48 6863.79 6857.24 6851.16 6845.2
internal_count=77380 61555 47030 40504 6526 40438 40412 40389 40361
is_linear=0
shrinkage=0.02


Tree=41
num_leaves=10
num_cat=0
split_feature=29 29 18 23 27 23 27 48 25
split_gain=6052.05 9667.86 6106.72 891.939 102.334 57.4656 43.3533 3.24825 6.13995
threshold=0.89187507336605576 0.89625126321299919 4326.3207631714886 3.3842466058243152 9.852404749846686 2.9174053685313028 9.8482919045051371 0.70158417772348469 139638.11616541355
decision_type=2 2 2 2 2 2 2 2 2
left_child=-1 2 4 -4 5 -2 -7 -8 -9
right_child=1 -3 3 -5 -6 6 7 8 -10
leaf_value=0.02598117380035795 0.025890466329927708 0.025998032674877269 0.026164426661872568 -0.025027028435919047 0.023325430681660722 0.020171375004946573 -0.025290867831319161 -0.021638429421254393 -0.0043707114472040015
leaf_weight=3085.050200805068 6.5400075316429129 2835.7246448546648 1268.8554330319166 150.0970810353756 15.174488231539724 6.0619944632053366 6550.3368955999613 35.827665001153946 20.583207488059998
leaf_count=15825 26 14525 6500 879 66 23 39230 197 109
internal_value=0.00126056 -0.00574292 -0.0169279 0.0206936 -0.024984 -0.0251078 -0.0251721 -0.0252259 -0.016388
internal_weight=13974.3 10889.2 8053.48 1418.95 6634.52 6619.35 6612.81 6606.75 56.4109
internal_count=77380 61555 47030 7379 39651 39585 39559 39536 306
is_linear=0
shrinkage=0.02


Tree=42
num_leaves=11
num_cat=0
split_feature=29 29 49 27 18 27 48 50 25 50
split_gain=5896.81 9421.48 6641.76 99.7082 65.3993 55.2247 6.85191 8.72721 23.7734 0.349399
threshold=0.89187507336605576 0.89625126321299919 0.78248894990604889 9.852404749846686 28911.425448392558 9.8482919045051371 0.70158417772348469 0.43342562237870674 103091.85083184585 0.85321880095028524
decision_type=2 2 2 2 2 2 2 2 2 2
left_child=-1 2 3 5 -4 -2 9 -8 -9 -7
right_child=1 -3 4 -5 -6 6 7 8 -10 -11
leaf_value=0.025826735264605612 0.0213501398637338 0.025842998354299748 0.02578478292705123 0.023099321670559815 -0.019362452835924363 -0.025067463482357912 -0.023232307725634491 -0.017213289572321294 0.016354997907066987 -0.013438254126798919
leaf_weight=3041.8742729723454 7.9673865586519232 2796.0922460258007 1244.195270344615 15.037520200014113 10.595764160156248 6568.6324918717146 33.966535121202469 24.432341516017914 9.5668537169694883 23.20108725130558
leaf_count=15825 32 14525 6470 66 56 39910 196 131 44 125
internal_value=0.00125353 -0.00571018 -0.0168338 -0.024764 0.0253415 -0.0248849 -0.0249526 -0.015742 -0.00627269 -0.0250367
internal_weight=13775.6 10733.7 7937.6 6682.8 1254.79 6667.77 6659.8 67.9657 33.9992 6591.83
internal_count=77380 61555 47030 40504 6526 40438 40406 371 175 40035
is_linear=0
shrinkage=0.02


Tree=43
num_leaves=9
num_cat=0
split_feature=29 29 49 23 23 13 25 13
split_gain=5746.46 9182.51 6474.11 83.7045 64.0026 9.56131 7.40101 25.9036
threshold=0.89187507336605576 0.89625126321299919 0.78248894990604889 2.9174053685313028 3.3842466058243152 5171.3622807017555 103091.85083184585 5171.9700501253146
decision_type=2 2 2 2 2 2 2 2
left_child=-1 2 3 -2 -4 -5 -7 -8
right_child=1 -3 4 5 -6 6 7 -9
leaf_value=0.025677117006263322 0.025978052569956965 0.025692804495964089 0.025634860297369375 -0.024812601856394209 -0.01919276509163929 -0.02264686380412663 0.013513243061321838 -0.019646481437195166
leaf_weight=2998.8512698709965 10.753052890300749 2756.597526088357 1226.6306920647621 6516.8598192185163 10.494359493255613 24.365644335746765 13.076532498002051 20.647890329360962
leaf_count=15825 47 14525 6470 40144 56 137 62 114
internal_value=0.00124654 -0.00567833 -0.0167417 -0.0246303 0.0251919 -0.024727 -0.013951 -0.00563252
internal_weight=13578.3 10579.4 7822.83 6585.7 1237.13 6574.95 58.0901 33.7244
internal_count=77380 61555 47030 40504 6526 40457 313 176
is_linear=0
shrinkage=0.02


Tree=44
num_leaves=10
num_cat=0
split_feature=29 29 49 27 18 23 27 50 25
split_gain=5600.73 8950.56 6311.12 96.9803 62.6479 54.9949 42.0278 2.40154 0.776188
threshold=0.89187507336605576 0.89625126321299919 0.78248894990604889 9.852404749846686 28911.425448392558 2.9174053685313028 9.8482919045051371 0.94985092166683538 559890.74153279106
decision_type=2 2 2 2 2 2 2 2 2
left_child=-1 2 3 5 -4 -2 -7 8 -8
right_child=1 -3 4 -5 -6 6 7 -9 -10
leaf_value=0.025532124792423005 0.025372613526805091 0.025547257974634422 0.025489540916715951 0.022923616012359416 -0.019025699568819013 0.019970900984082093 -0.024773787558213755 -0.0016434557407936146 -0.0090737414788365396
leaf_weight=2956.0057294815779 6.4879175722599021 2717.2631293237209 1209.1386892795563 14.869029015302656 10.393360480666159 6.0416554212570182 6444.2006581574678 5.8036930412054053 12.291261494159697
leaf_count=15825 26 14525 6470 66 56 23 40292 28 69
internal_value=0.0012397 -0.00564716 -0.0166512 -0.0244985 0.0250469 -0.0246206 -0.0246848 -0.0247389 -0.0247529
internal_weight=13382.5 10426.5 7709.23 6489.69 1219.53 6474.83 6468.34 6462.3 6456.49
internal_count=77380 61555 47030 40504 6526 40438 40412 40389 40361
is_linear=0
shrinkage=0.02


Tree=45
num_leaves=13
num_cat=0
split_feature=29 29 49 27 27 18 13 50 18 49 18 50
split_gain=5473.35 8758.79 6132.58 83.2777 56.2606 50.6565 4.7132 7.41015 4.33609 2.88347 5.31344 2.4433
threshold=0.89187507336605576 0.89625126321299919 0.78248894990604889 9.852404749846686 9.8482919045051371 28911.425448392558 5171.3622807017555 0.43342562237870674 3347.6411550393195 0.74593229477041645 28920.024674885186 0.94985092166683538
decision_type=2 2 2 2 2 2 2 2 2 2 2 2
left_child=-1 2 3 4 -2 -4 9 -8 -9 11 -11 -6
right_child=1 -3 5 -5 6 -7 7 8 -10 10 -12 -13
leaf_value=0.025391164337012308 0.02166748946269768 0.02540644962779922 0.025348056814900991 0.022278651848831897 -0.024674137602022812 -0.017678624287027392 -0.021851743277213797 0.00034716247290156213 -0.014688261701282986 0.001131927920761425 -0.017249052183196042 -0.001284586161418116
leaf_weight=2901.1419575065374 8.1902061849832517 2675.4467178732157 1183.0678442418575 12.91505344212055 6326.3621221333742 8.6342314183711988 28.591571748256683 15.669438093900682 7.7459680438041678 5.6421569585800162 9.5212916582822782 5.6226401627063742
leaf_count=15759 33 14510 6423 57 40185 47 169 75 42 31 59 27
internal_value=0.00113646 -0.0057033 -0.0166468 -0.0243838 -0.024491 0.0249737 -0.0245631 -0.0149147 -0.00381726 -0.0246311 -0.00874422 -0.0246601
internal_weight=13188.6 10287.4 7611.96 6420.26 6407.35 1191.7 6399.16 52.007 23.4154 6347.15 15.1634 6331.98
internal_count=77417 61658 47148 40678 40621 6470 40588 286 117 40302 90 40212
is_linear=0
shrinkage=0.02


Tree=46
num_leaves=13
num_cat=0
split_feature=29 29 49 27 27 18 13 50 18 49 18 50
split_gain=5336.09 8540.09 5980.04 81.495 55.1485 49.6425 4.76364 7.29455 4.24013 2.89675 5.22258 2.4017
threshold=0.89187507336605576 0.89625126321299919 0.78248894990604889 9.852404749846686 9.8482919045051371 28911.425448392558 5171.3622807017555 0.43342562237870674 3347.6411550393195 0.74593229477041645 28920.024674885186 0.94985092166683538
decision_type=2 2 2 2 2 2 2 2 2 2 2 2
left_child=-1 2 3 4 -2 -4 9 -8 -9 11 -11 -6
right_child=1 -3 5 -5 6 -7 7 8 -10 10 -12 -13
leaf_value=0.025254884204016396 0.021421370334205991 0.025269633136021052 0.025211395272875872 0.02206370872976688 -0.024552481530817891 -0.017522560968364492 -0.021696871044636884 0.00034096392941753464 -0.014542612454449969 0.0011147237015394912 -0.017110551610322738 -0.0012661392482131056
leaf_weight=2858.8966526687145 8.1420839279890043 2636.5356444716454 1165.8749134838581 12.800689727067946 6231.5181137025356 8.5555153042078 28.237585723400116 15.671556100249292 7.6876943707466117 5.6454872936010352 9.4235682934522611 5.6196364611387244
leaf_count=15759 33 14510 6423 57 40185 47 169 75 42 31 59 27
internal_value=0.00113054 -0.00567371 -0.0165618 -0.0242608 -0.0243681 0.0248368 -0.0244403 -0.0147568 -0.00374061 -0.0245091 -0.00860862 -0.0245383
internal_weight=12994.6 10135.7 7499.18 6324.75 6311.95 1174.43 6303.8 51.5968 23.3593 6252.21 15.0691 6237.14
internal_count=77417 61658 47148 40678 40621 6470 40588 286 117 40302 90 40212
is_linear=0
shrinkage=0.02


Tree=47
num_leaves=24
num_cat=0
split_feature=50 49 4 23 23 28 28 16 0 0 4 40 18 23 23 28 50 28 23 23 25 23 40
split_gain=2204.13 1867.29 2788.24 1438.1 2953.26 1243.37 1317.96 717.349 331.82 135.398 112.771 100.571 69.6096 80.5984 128.899 59.3063 36.7923 25.8223 24.9503 33.3435 14.2656 63.8349 44.3159
threshold=0.53430002385739706 0.74593229477041645 1.0000000180025095e-35 2.9174053685313028 2.9700856263602158 0.11577671577842821 0.31589577481005859 3217.3464206570966 6025.0000000000009 2155.0000000000005 32.827537500000012 3116.4746425166832 5279.2259844961245 4.3107766033702406 4.2972622671762819 0.79569608264226177 0.68086041624623139 0.027702190718804105 3.4175922930736511 3.3842466058243152 74652.171894197571 3.0201273556387074 5261.4868038349678
decision_type=2 2 2 2 2 2 2 2 2 2 2 2 2 2 2 2 2 2 2 2 2 2 2
left_child=1 2 -1 -4 11 9 7 -7 -8 10 -6 15 20 14 16 17 18 -5 19 -14 21 -2 -23
right_child=12 -3 3 4 5 6 8 -9 -10 -11 -12 -13 13 -15 -16 -17 -18 -19 -20 -21 -22 22 -24
leaf_value=-0.024422413836619753 0.024447234461831707 0.025130440647929828 0.025096928178504632 0.0011789018118421976 -0.0064358927522861356 0.018594149936800568 0.025017219154429744 -0.01284319373891323 -0.0042693590233371034 0.025044811220123139 0.017397314519101093 0.020292372401372605 0.017948631697685315 0.024198809829875174 -0.020819258054043818 0.013823383976310107 0.023947226096615825 -0.023345861592719994 0.020369735188679457 -0.020871063304265976 0.024223590775613705 0.015323756431723906 -0.008493445688094705
leaf_weight=2245.4435678124428 269.21429127454758 907.13369908928871 868.30700679123402 14.003565683960913 103.29539835453033 335.03473427891731 775.42771312594414 2065.6007768064737 189.75674505531788 1099.0981352627277 303.00619362294674 19.417874619364738 10.541588529944418 127.00389264523983 57.585033163428307 14.918470695614813 71.626825898885727 1988.5451695024967 16.827229827642441 24.456456124782562 1166.1497513651848 84.60802361369133 44.956733137369156
leaf_count=14748 1513 5065 4874 82 627 1899 4356 12933 1151 6170 1718 108 59 709 361 85 400 13008 94 154 6545 481 277
internal_value=0.00112479 -0.00230854 -0.0048007 0.000864764 -0.00218167 0.00626856 -0.000480228 -0.0084273 0.0192212 0.0213649 0.0112383 -0.0223964 0.0211611 0.0120656 0.00316372 -0.0228467 0.0148231 -0.0231534 0.0010485 -0.00775906 0.0229082 0.0188602 0.00675208
internal_weight=12802 10929 10021.9 7776.41 6908.1 4871.22 3365.82 2400.64 965.184 1505.4 406.302 2036.89 1872.97 308.041 181.037 2017.47 123.452 2002.55 51.8253 34.998 1564.93 398.779 129.565
internal_count=77417 66824 61759 47011 42137 28854 20339 14832 5507 8515 2345 13283 10593 1777 1068 13175 707 13090 307 213 8816 2271 758
is_linear=0
shrinkage=0.02


Tree=48
num_leaves=24
num_cat=0
split_feature=50 49 47 23 23 16 23 23 22 18 23 23 47 46 50 50 49 23 23 25 18 25 23
split_gain=2145.72 1819.43 2754.98 1369.71 2970.67 1062.36 1004.74 1030.53 138.348 67.5278 78.5693 125.57 38.9239 38.4289 35.8277 29.6249 56.3883 24.2822 32.549 21.4244 18.7129 14.1921 63.1385
threshold=0.53430002385739706 0.72869513967501953 0.22956420470907377 2.9174053685313028 2.9700856263602158 3165.9585798816574 3.7726948748059121 3.4498615536424366 843.00000000000011 5279.2259844961245 4.3107766033702406 4.2972622671762819 0.55941935385446695 0.36118439524347945 0.68086041624623139 0.3813734377138171 0.36545052206632545 3.4175922930736511 3.3842466058243152 174189.35714892863 3791.6795748434338 74652.171894197571 3.0201273556387074
decision_type=2 2 2 2 2 2 2 2 2 2 2 2 2 2 2 2 2 2 2 2 2 2 2
left_child=1 2 13 -4 12 15 7 -7 -8 21 11 14 -5 -1 17 16 -6 18 -11 -15 -17 22 -2
right_child=9 -3 3 4 5 6 8 -9 -10 10 -12 -13 -14 19 -16 20 -18 -19 -20 -21 -22 -23 -24
leaf_value=-0.024293604257761885 0.024308533174029909 0.024901498811085533 0.024967982081026307 -0.022533453560676372 0.023409195851386611 0.0082664277813082766 -0.0007383644091981177 -0.016839884190914613 0.022585722177404143 0.017807094518296804 0.02405900239396162 -0.020642946763514303 0.0060915125567666071 -0.014208831950566029 0.023811156854665422 0.024924402562110863 -0.0025004942099865445 0.020224724398350932 -0.020721234273637569 0.012518634583055781 0.010506471728908562 0.024071838787528718 0.0066431523915098543
leaf_weight=2234.1418541520834 265.38530734181404 899.77149346470833 851.5737282782793 1992.4473169744015 81.082444444298744 1232.7024486362934 113.09438349306583 1385.881609171629 775.53597258031368 10.429892167448996 125.2166759967804 56.938928738236427 16.202336341142654 98.316159904003143 70.617004722356796 1004.513442799449 51.501912012696266 16.625296533107758 24.158094957470894 10.474238246679304 51.706459328532219 1150.204372882843 128.97829693555832
leaf_count=14900 1513 5100 4852 13186 460 7284 687 8884 4383 59 709 361 96 627 400 5695 309 94 154 59 302 6545 758
internal_value=0.00111714 -0.00228901 -0.00476902 0.00110267 -0.00192909 0.00677161 0.00121709 -0.0050085 0.0195774 0.0210178 0.0119912 0.00314448 -0.0222768 -0.0237078 0.0147387 0.0230954 0.0131599 0.00105244 -0.00767158 -0.011095 0.0242776 0.0227507 0.0186946
internal_weight=12647.5 10798.9 9899.17 7556.24 6704.67 4696.02 3507.21 2618.58 888.63 1848.55 303.986 178.769 2008.65 2342.93 121.83 1188.8 132.584 51.2133 34.588 108.79 1056.22 1544.57 394.364
internal_count=77417 66824 61724 46138 41286 28004 21238 16168 5070 10593 1777 1068 13282 15586 707 6766 769 307 213 686 5997 8816 2271
is_linear=0
shrinkage=0.02


Tree=49
num_leaves=16
num_cat=0
split_feature=27 27 18 23 50 23 46 23 17 17 23 13 46 25 14
split_gain=4388.33 7186.4 4567.35 619.715 578.036 257.737 158.655 191.775 71.7997 68.1522 64.2194 12.4568 7.05174 3.54709 2.51421
threshold=9.8482919045051371 9.852404749846686 4326.3207631714886 3.3842466058243152 0.69707100705872727 2.9174053685313028 0.54918146497312625 3.7726948748059121 4340.0369003690039 3209.0384012539189 4.3372693810700085 3554.8581573436572 0.57512625054985966 646980.14553631458 37793.779048172415
decision_type=2 2 2 2 2 2 2 2 2 2 2 2 2 2 2
left_child=-1 2 4 -4 5 -2 13 9 12 -8 -5 -9 -6 -7 -10
right_child=1 -3 3 10 8 6 7 11 14 -11 -12 -13 -14 -15 -16
leaf_value=0.024933431383643942 0.024604966144331674 0.024915776569278219 0.025119081836987953 -0.021399744976761798 0 -0.023843252897307467 0.00081801549441749377 0 0 -0.02010923371710922 0.018116905952458118 0.019436028189856607 0.024391099885490802 -0.0017220267469032758 -0.018492734983085405
leaf_weight=2477.7078186124563 43.957757636904716 2457.1998507678509 1125.7080442160368 141.27733893692493 5.3138085007667533 5494.3778335601091 67.975304260849953 17.101942285895348 5.3429815620183971 442.30943438410759 15.947222754359244 63.377153292298317 119.53403688967228 7.1257398873567572 15.29677230119705
leaf_count=14191 245 14094 6473 916 31 36847 393 99 29 2852 87 349 683 41 87
internal_value=0.00110892 -0.00478105 -0.0144367 0.0199124 -0.0214624 -0.0224004 -0.0227541 -0.0126903 0.0175975 -0.0172511 -0.0169632 0.0154603 0.0234044 -0.0238225 -0.0147259
internal_weight=12499.6 10021.8 7564.65 1282.93 6281.71 6136.23 6092.27 590.764 145.488 510.285 157.225 80.4791 124.848 5501.5 20.6398
internal_count=77417 63226 49132 7476 41656 40826 40581 3693 830 3245 1003 448 714 36888 116
is_linear=0
shrinkage=0.02


Tree=50
num_leaves=11
num_cat=0
split_feature=29 29 49 23 18 50 25 18 18 48
split_gain=4873.88 7860.22 5439.67 74.2965 49.8201 7.80978 6.70752 1.33312 100.29 1.53611
threshold=0.89187507336605576 0.89625126321299919 0.78248894990604889 2.9174053685313028 28911.425448392558 0.95617503606128884 592977.9833333334 4326.3207631714886 5279.2259844961245 0.6688261765579705
decision_type=2 2 2 2 2 2 2 2 2 2
left_child=-1 2 3 -2 -4 6 7 9 -9 -5
right_child=1 -3 4 5 -6 -7 -8 8 -10 -11
leaf_value=0.024812451145906321 0.024515371226454065 0.024839053068734285 0.024706672419888252 -0.02417090643555064 -0.017420211408304475 0 -0.00057285289005076984 0.041172314745908406 -0.023765685411091399 -0.016871304418830429
leaf_weight=2708.0529063344002 10.349706277251242 2511.2608185112476 1101.2314006239176 5770.67197714746 8.905911907553671 4.926332786679267 8.4952028244733793 8.0979761779308301 119.66061240434647 68.330640703439713
leaf_count=15737 48 14548 6439 39285 51 23 45 38 800 416
internal_value=0.00112054 -0.005554 -0.0163126 -0.0238513 0.024302 -0.0239499 -0.0239707 -0.0239971 -0.0187702 -0.0240981
internal_weight=12320 9611.93 7100.67 5990.53 1110.14 5980.18 5975.26 5966.76 127.759 5839
internal_count=77430 61693 47145 40655 6490 40607 40584 40539 838 39701
is_linear=0
shrinkage=0.02


Tree=51
num_leaves=21
num_cat=0
split_feature=27 27 49 46 17 17 24 47 17 46 17 25 18 18 18 25 13 26 18 25
split_gain=4165.46 6826.76 4787.91 539.017 187.932 121.751 105.728 96.4376 57.3832 38.1181 96.6574 34.6951 32.8216 16.7273 68.5021 14.5252 10.3483 3.30546 1.28821 0.454826
threshold=9.8482919045051371 9.852404749846686 0.78248894990604889 0.57512625054985966 4340.0369003690039 3546.2292874955469 1.0000000180025095e-35 0.54862952243713636 3460.1544617784712 0.53670511536050036 3209.0384012539189 149305.03345156132 28911.425448392558 4326.2421862086785 5279.2259844961245 110201.6096931482 3554.8970489371077 56.988372093023266 28921.575557167034 592977.9833333334
decision_type=2 2 2 2 2 2 2 2 2 2 2 2 2 2 2 2 2 2 2 2
left_child=-1 2 3 6 5 7 -2 15 -9 13 -11 -12 -4 19 -15 -5 17 -6 -14 -8
right_child=1 -3 12 4 16 -7 9 8 -10 10 11 -13 18 14 -16 -17 -18 -19 -20 -21
leaf_value=0.024688553698907309 0.023178687949290063 0.024677741761629242 0.024589085633010023 -0.017855596784622809 0 0.024705933552765135 -0.023676227199234005 0.016751055479010929 -0.0045649344549727085 0.021465661969910826 -0.021319009447582221 -0.0014496433869931123 -0.0081579753061828391 0.029902072222560167 -0.01980361856361763 0.00050083966421756712 0.00046475931369551588 -0.023192467048477997 0 -0.0031116272117494843
leaf_weight=2402.7839571833611 17.512058153748512 2384.5529747754335 1085.0934253036976 104.32380279898643 5.5026114881038657 92.361448347568512 5185.1079673320055 111.95869164168835 85.357856869697571 22.735469564795494 315.98949344456196 44.783575102686882 8.3601213991641981 10.242818087339399 89.432265982031822 15.468837797641752 4.6128120422363272 135.38680674135685 5.7897811233997336 5.5621414780616751
leaf_count=14190 97 14098 6442 677 34 528 35877 657 536 128 2118 270 48 52 599 90 25 899 33 32
internal_value=0.00111532 -0.00470568 -0.0142538 -0.021031 -0.00212854 0.00474325 -0.0228658 -0.00106415 0.00737593 -0.023023 -0.0163838 -0.0189844 0.0241887 -0.0234904 -0.0138146 -0.0151875 -0.0215403 -0.0225372 -0.00328436 -0.0236631
internal_weight=12132.9 9730.13 7345.58 6246.34 554.973 409.471 5691.37 317.109 197.317 5673.85 383.509 360.773 1099.24 5290.35 99.6751 119.793 145.502 140.889 14.1499 5190.67
internal_count=77430 63240 49142 42619 3446 2488 39173 1960 1193 39076 2516 2388 6523 36560 651 767 958 933 81 35909
is_linear=0
shrinkage=0.02


Tree=52
num_leaves=20
num_cat=0
split_feature=27 27 49 50 24 40 25 40 18 15 17 49 25 19 2 25 30 26 18
split_gain=4063.3 6656.97 4666.92 481.408 182.905 108.454 104.817 46.519 32.3499 31.3184 377.329 27.0311 21.2322 13.2848 12.0014 9.95338 6.76195 3.46117 1.25805
threshold=9.8482919045051371 9.852404749846686 0.78248894990604889 0.69707100705872727 1.0000000180025095e-35 4490.095701125897 408810.93458052265 6646.511627906978 28911.425448392558 3364.7215302491109 3328.8898462670104 0.38045198692524529 270169.3832209009 1.0000000180025095e-35 7692.1797862955054 156413.64944247401 10084690.732968042 42.888748419721878 28921.575557167034
decision_type=2 2 2 2 2 2 2 2 2 2 2 2 2 2 2 2 2 2 2
left_child=-1 2 3 4 -2 13 9 16 -4 14 -11 -7 15 -5 -6 -13 -8 -14 -10
right_child=1 -3 8 5 6 11 7 -9 18 10 -12 12 17 -15 -16 -17 -18 -19 -20
leaf_value=0.024573019635309744 0.023552262395455967 0.024562470026594691 0.024474575872618105 -0.0030966530097021388 -0.023942219419260904 0.023194014108259879 0 -0.016876296784866664 -0.0080429183401540365 0.024258633936982712 -0.021929201883308509 0 0.015751705352015838 0.023271886253133124 0 -0.019183443466365149 0.022741178745274114 0 0
leaf_weight=2366.1768160611391 32.753980413079262 2348.2036312520504 1068.542629674077 4.8994290381669989 3279.1870330125093 7.8563429713249198 5.4509703516960135 21.263564631342888 8.3389476835727674 70.403184115886688 2510.5638548433781 10.909409344196318 8.5244312584400159 110.577297732234 5.3615263551473609 56.11209899187088 28.592233508825302 5.3229258060455313 5.7897811233997336
leaf_count=14190 190 14098 6442 30 23103 43 33 138 48 381 17342 65 48 658 32 364 160 32 33
internal_value=0.00110972 -0.00468003 -0.0141736 -0.02091 -0.0219477 0.00907141 -0.022214 0.00444919 0.0240713 -0.0224737 -0.020636 -0.00714221 -0.0110607 0.021779 -0.0238921 -0.0158794 0.0190763 0.00879855 -0.00320421
internal_weight=11954.8 9588.65 7240.45 6157.78 5953.58 204.202 5920.82 55.3068 1082.67 5865.52 2580.97 88.7252 80.8689 115.477 3284.55 67.0215 34.0432 13.8474 14.1287
internal_count=77430 63240 49142 42619 41379 1240 41189 331 6523 40858 17723 552 509 688 23135 429 193 80 81
is_linear=0
shrinkage=0.02


Tree=53
num_leaves=12
num_cat=0
split_feature=29 29 49 27 27 24 50 13 48 17 49
split_gain=4533.52 7326.1 5055.04 86.5205 43.8652 28.2826 6.5946 5.34646 2.34004 0.697742 0.849977
threshold=0.89187507336605576 0.89625126321299919 0.78248894990604889 9.852404749846686 9.8482919045051371 2.5000000000000004 0.95617503606128884 5171.3184210526324 0.70158417772348469 4506.5831540314784 0.99545073276034934
decision_type=2 2 2 2 2 2 2 2 2 2 2
left_child=-1 2 3 4 -2 9 7 -6 -9 10 -4
right_child=1 -3 5 -5 6 -7 -8 8 -10 -11 -12
leaf_value=0.024475679579696395 0.019031799200409604 0.024510169004065902 0 0.02173970241648061 -0.023833125606023128 -0.013448984768145818 0 -0.019512517132917302 -0.0062824019669365282 0.024327197961880258 0.012940757521782
leaf_weight=2588.5897688120604 7.1839665174484244 2403.1190060675144 5.790463984012602 14.454348802566527 5649.4449410289526 5.4883816093206397 4.6442604213953009 23.143797874450684 26.319113880395889 1043.4320351034403 5.6584966480731964
leaf_count=15737 31 14548 34 69 40240 32 22 150 143 6390 34
internal_value=0.00110477 -0.00547871 -0.0161093 -0.0235416 -0.0236708 0.0239505 -0.0237382 -0.0237576 -0.0137678 0.024208 0.00837148
internal_weight=11777.3 9188.68 6785.56 5725.19 5710.74 1060.37 5703.55 5698.91 49.4629 1054.88 11.449
internal_count=77430 61693 47145 40655 40586 6490 40555 40533 293 6458 68
is_linear=0
shrinkage=0.02


Tree=54
num_leaves=13
num_cat=0
split_feature=29 29 23 23 40 40 50 22 23 44 22 40
split_gain=4423.7 7148.95 618.177 2427.49 523.173 746.255 126.954 72.9044 70.203 41.1004 17.8788 5.15341
threshold=0.89187507336605576 0.89625126321299919 3.3842466058243152 3.3497501700808394 3563.781903245073 3356.2297764863656 0.44986407806998557 32377.500000000004 2.9174053685313028 0.41084356369671682 6170.5000000000009 6646.511627906978
decision_type=2 2 2 2 2 2 2 2 2 2 2 2
left_child=-1 2 3 8 5 -5 9 -4 -2 -7 -8 -6
right_child=1 -3 7 4 11 6 10 -9 -10 -11 -12 -13
leaf_value=0.024366290265476903 0.02399700226783389 0.024399755260661057 -0.023772787433475981 0.024334481302166595 0.024356864347748287 -0.010194715450677537 0.022044783679126337 0.021862326861486595 -0.02374898829420069 -0.021051952912691234 -0.0075835910313972353 0.0086265069930246581
leaf_weight=2548.6174680292606 10.037018612027166 2366.0949635654688 2644.4779731780291 331.95807711780071 533.8639797270298 388.30465732514858 44.737114235758781 11.701269105076788 2439.5904417186975 249.30683341622353 6.5822062194347373 19.450574204325676
leaf_count=15737 48 14548 19061 2067 3314 2682 280 60 17741 1722 45 125
internal_value=0.00110017 -0.00545426 -0.0160388 -0.0110678 0.00828534 -0.000173648 -0.0120769 -0.0235404 -0.0235176 -0.014555 0.0173525 0.023909
internal_weight=11594.7 9046.11 6680.01 4023.83 1574.2 1020.89 688.931 2656.18 2449.63 637.611 51.3193 553.315
internal_count=77430 61693 47145 28024 10235 6796 4729 19121 17789 4404 325 3439
is_linear=0
shrinkage=0.02


Tree=55
num_leaves=24
num_cat=0
split_feature=50 49 47 23 23 28 28 16 0 40 18 23 23 0 28 4 46 40 28 23 23 23 23
split_gain=1809.34 1545.27 2316.8 1172.32 2447.37 988.853 962.328 652.256 254.945 76.1302 57.1433 64.6896 109.689 56.4155 53.0341 45.3277 39.0286 31.4076 23.7957 23.4178 23.7602 19.8438 29.1608
threshold=0.53430002385739706 0.72869513967501953 0.22956420470907377 2.9174053685313028 2.9700856263602158 0.099994142961201002 0.31589577481005859 3217.3464206570966 6025.0000000000009 3116.4746425166832 5279.2259844961245 4.3107766033702406 4.2972622671762819 1861.0000000000002 1.1180064937981664 32.827537500000012 0.36118439524347945 4604.0048646249461 0.030095172073618653 3.9219243190762363 3.1567740231385479 3.4175922930736511 3.3842466058243152
decision_type=2 2 2 2 2 2 2 2 2 2 2 2 2 2 2 2 2 2 2 2 2 2 2
left_child=1 2 16 -4 9 13 7 -7 -8 14 -2 12 17 15 18 -6 -1 21 -5 20 -18 22 -12
right_child=10 -3 3 4 5 6 8 -9 -10 -11 11 -13 -14 -15 -16 -17 19 -19 -20 -21 -22 -23 -24
leaf_value=-0.023571950623558959 0.021902833873301025 0.024116898681771817 0.024150832701744587 0.0016226561019137729 -0.0020114376185258374 0.018596958332496565 0.024126389522644932 -0.011144329095687147 -0.0033284234591113948 0.018810413079355586 0.0171208396235581 0.023114156476822714 -0.019983521754651703 0.024138115762540671 0.016858364347649975 0.017484059898230268 0.014387314262476364 0.023032362369552434 -0.022443144350979091 0.012979356922402088 -0.017159349604078708 0.019189518264379507 -0.019692452127461027
leaf_weight=2006.7485593706369 1404.2423790097237 814.49557700753212 775.6679679453373 13.201198622584341 57.579307392239571 346.61549852788448 668.4086357653141 1893.6635907888412 165.84128791093826 16.035742089152336 10.364047408103941 113.79546631872654 52.210409432649612 932.39435456693172 11.461364537477492 197.14659205079079 7.8800562769174567 66.935352236032486 1750.8470200747252 12.318797737359999 80.667916730046272 15.328013375401495 22.895611748099327
leaf_count=14911 8891 5119 4923 84 372 2178 4220 13029 1098 98 65 715 360 5894 70 1229 47 419 12910 76 574 96 159
internal_value=0.0010918 -0.00221335 -0.0046225 0.00103099 -0.00193202 0.00630675 0.000303323 -0.00651244 0.0186259 -0.0215375 0.0202134 0.0115505 0.0032897 0.0217947 -0.0219452 0.0129401 -0.0229429 0.0143094 -0.0222388 -0.00982369 -0.0136544 0.00106634 -0.00676617
internal_weight=11436.7 9750.97 8936.48 6828.86 6053.19 4261.65 3074.53 2240.28 834.25 1791.55 1685.77 281.529 167.733 1187.12 1775.51 254.726 2107.62 115.523 1764.05 100.867 88.548 48.5877 33.2597
internal_count=77537 66832 61713 46105 41182 28020 20525 15207 5318 13162 10705 1814 1099 7495 13064 1601 15608 739 12994 697 621 320 224
is_linear=0
shrinkage=0.02


Tree=56
num_leaves=18
num_cat=0
split_feature=27 27 49 46 17 23 17 17 17 45 23 23 49 23 46 13 23
split_gain=3730.27 6067.74 4284.85 466.683 175.935 127.413 110.357 90.5396 163.77 57.2617 37.7212 35.6628 28.2911 30.9137 18.3445 8.9525 2.56812
threshold=9.8482919045051371 9.852404749846686 0.78248894990604889 0.57217779145593251 4340.0369003690039 2.9174053685313028 3546.2292874955469 3460.1544617784712 3012.5735015772875 0.66214070787941626 5.0673293977687841 3.3842466058243152 0.69529314019160282 3.3842466058243152 0.53670511536050036 3554.8926071585879 3.9019216517693867
decision_type=2 2 2 2 2 2 2 2 2 2 2 2 2 2 2 2 2
left_child=-1 2 3 5 6 -2 7 8 -5 -9 12 -4 14 -14 -7 16 -6
right_child=1 -3 11 4 15 10 -8 9 -10 -11 -12 -13 13 -15 -16 -17 -18
leaf_value=0.024176330507520553 0.02311372405342418 0.024159651613943987 0.024072223561394494 -0.020273061426517091 -0.022822783731092918 -0.023181616741399198 0.024268757665701291 -0.022274968852888592 0.02376153936899662 0.0013072177314198575 0.012755173467195915 -0.0058074554768241518 0.034490500923022874 -0.012011859137587453 -0.017458905908128576 0 0
leaf_weight=2241.2686842232943 22.100491747260094 2210.1525854170322 1015.3771126419306 47.111102476716042 137.07986651360989 4869.8491472005844 83.523831978440285 89.602057486772537 103.19839651882648 68.950400918722153 9.4051239937543851 13.339359179139135 4.4226449131965628 38.666567534208298 330.92051392793655 5.4534191042184821 4.8042622506618491
leaf_count=14249 131 14078 6494 323 973 36289 506 630 622 441 55 79 20 264 2320 32 31
internal_value=0.00108479 -0.00463108 -0.013939 -0.0205988 -0.00278909 -0.0224116 0.00413787 -0.00129846 0.00961229 -0.011882 -0.0226195 0.0236354 -0.0226954 -0.0050336 -0.022832 -0.021313 -0.0222789
internal_weight=11295.2 9053.96 6843.8 5815.09 539.723 5275.36 392.386 308.862 150.309 158.552 5253.26 1028.72 5243.86 43.0892 5200.77 147.338 141.884
internal_count=77537 63288 49210 42637 3558 39079 2522 2016 945 1071 38948 6573 38893 284 38609 1036 1004
is_linear=0
shrinkage=0.02


Tree=57
num_leaves=13
num_cat=0
split_feature=29 29 49 27 27 18 13 50 18 18 50 18
split_gain=4155.37 6687.9 4642.7 79.1102 49.1789 48.6551 4.51665 5.93877 3.02911 96.9927 2.97182 2.16153
threshold=0.89187507336605576 0.89625126321299919 0.78248894990604889 9.852404749846686 9.8482919045051371 28911.425448392558 5171.1617794486219 0.43342562237870674 4326.3207631714886 5279.2259844961245 0.94985092166683538 3347.6411550393195
decision_type=2 2 2 2 2 2 2 2 2 2 2 2
left_child=-1 2 3 4 -2 -4 8 -8 10 -10 -6 -9
right_child=1 -3 5 -5 6 -7 7 11 9 -11 -12 -13
leaf_value=0.024089525708025829 0.019732810217956837 0.024127240431659584 0.02397179965985291 0.021241128012214477 -0.023607634272522021 -0.017203679804269938 -0.019990535171527369 0 0.041345345239510299 -0.02307000461516558 0 -0.010928356675190596
leaf_weight=2447.0961512625217 8.1747413426637632 2263.3879444748163 998.12709602713585 13.588566318154333 5216.6949576288462 9.1447646766900998 28.525751143693924 14.519154921174051 8.0256966650485975 104.13940712809563 5.0081457793712607 7.213897392153739
leaf_count=15775 36 14516 6486 66 39460 55 197 76 37 766 24 43
internal_value=0.00108003 -0.00540891 -0.0158436 -0.0231924 -0.0233197 0.023525 -0.0233998 -0.0138739 -0.0234768 -0.017467 -0.0235915 -0.00315201
internal_weight=11123.6 8676.55 6413.16 5405.89 5392.3 1007.27 5384.13 50.2588 5333.87 112.165 5221.7 21.7331
internal_count=77537 61762 47246 40705 40639 6541 40603 316 40287 803 39484 119
is_linear=0
shrinkage=0.02


Tree=58
num_leaves=19
num_cat=0
split_feature=27 27 49 46 17 23 17 17 15 45 23 23 49 23 46 13 23 25
split_gain=3553.84 5778.84 4079.13 446.222 167.241 122.288 105.276 85.6655 155.799 54.8072 36.1028 34.6024 27.8569 28.9884 18.5089 8.83045 2.46257 1.34616
threshold=9.8482919045051371 9.852404749846686 0.78248894990604889 0.57217779145593251 4340.0369003690039 2.9174053685313028 3546.2292874955469 3460.1544617784712 3364.7215302491109 0.66214070787941626 5.0673293977687841 3.3842466058243152 0.69529314019160282 3.3842466058243152 0.53670511536050036 3554.8926071585879 3.9019216517693867 117310.74070983149
decision_type=2 2 2 2 2 2 2 2 2 2 2 2 2 2 2 2 2 2
left_child=-1 2 3 5 6 -2 7 8 -5 -9 12 -4 14 -14 -7 16 -6 -13
right_child=1 -3 11 4 15 10 -8 9 -10 -11 -12 17 13 -15 -16 -17 -18 -19
leaf_value=0.023977184986092689 0.022909723636856182 0.023961103634598527 0.023874760122530619 -0.020005816650440718 -0.022606724512533156 -0.022991312222239015 0.024050041940842759 -0.022043301025420747 0.023525349622177592 0.0012591995000775893 0.012444850831734931 -0.012191653597616097 0.033056679464334354 -0.011766334416701989 -0.017188146484146124 0 0 0
leaf_weight=2171.0968910902739 21.529386222362518 2140.8559648096561 983.56726935505867 45.843927890062332 132.99191932380199 4717.3332740217447 81.032352015376091 86.968232125043869 100.11662909388542 67.920661225914955 9.2077869623899442 4.9332774430513373 4.5036598592996588 37.911426872014999 322.92319241166115 5.3982294350862494 4.7328613102436057 8.2382159829139692
leaf_count=14249 131 14078 6494 323 973 36289 506 630 622 441 55 30 20 264 2320 32 31 49
internal_value=0.00107582 -0.00458936 -0.0138117 -0.0204089 -0.00275108 -0.0222122 0.00408718 -0.00128096 0.00949694 -0.0116841 -0.0224198 0.0234333 -0.0224957 -0.00483218 -0.0226344 -0.0210775 -0.0220613 -0.00569509
internal_weight=10947.1 8776.01 6635.15 5638.41 525.005 5113.41 381.882 300.849 145.961 154.889 5091.88 996.739 5082.67 42.4151 5040.26 143.123 137.725 13.1715
internal_count=77537 63288 49210 42637 3558 39079 2522 2016 945 1071 38948 6573 38893 284 38609 1036 1004 79
is_linear=0
shrinkage=0.02


Tree=59
num_leaves=21
num_cat=0
split_feature=27 27 49 46 17 23 50 17 17 23 23 49 49 23 46 13 15 14 24 25
split_gain=3469.1 5638.99 3978.56 436.623 162.978 119.528 104.891 70.9441 59.3511 35.4467 34.17 33.2752 27.8263 28.092 19.1133 8.7449 6.06474 4.60827 3.47312 1.31749
threshold=9.8482919045051371 9.852404749846686 0.78248894990604889 0.57217779145593251 4340.0369003690039 2.9174053685313028 0.56802237427405056 3482.2468265760995 3460.1544617784712 5.0673293977687841 3.3842466058243152 0.56654061964520197 0.69529314019160282 3.3842466058243152 0.53670511536050036 3554.8926071585879 3364.7215302491109 1565.967762542017 2.5000000000000004 117310.74070983149
decision_type=2 2 2 2 2 2 2 2 2 2 2 2 2 2 2 2 2 2 2 2
left_child=-1 2 3 5 6 -2 7 8 -5 12 -4 17 14 -14 -7 18 -13 -8 -6 -12
right_child=1 -3 10 4 15 9 11 -9 -10 -11 19 16 13 -15 -16 -17 -18 -19 -20 -21
leaf_value=0.023881648243414183 0.022755955778169676 0.023865931979481263 0.023780010649952516 0.0041383398118724109 -0.022502314452997801 -0.02289311860948243 0 0.020573445283916716 -0.017345783799727486 0.012305656139970075 -0.012080038602215428 -0.016080668215805762 0.032446881952756412 -0.011595144927718801 -0.016999328842298583 0 0.0034141323270972224 0.02276765515977941 0 0
leaf_weight=2136.5418390929699 21.257620260119438 2106.7559916824102 967.90190574526787 82.610047072172165 131.7425047904253 4643.5660572946072 5.6411067694425574 37.582497373223305 121.84273898601532 9.1489199101924878 4.8981159627437583 9.3063911348581332 4.533812388777732 37.733062893152237 320.03130169212818 5.3982294350862494 7.8300379365682593 112.56641060113907 4.0121463239192954 8.2382159829139692
leaf_count=14249 131 14078 6494 535 978 36289 36 226 869 55 30 69 20 264 2320 32 51 736 26 49
internal_value=0.00107125 -0.00456731 -0.0137431 -0.0203047 -0.00272988 -0.0221044 0.00405439 -0.00370297 -0.00851528 -0.0223115 0.0233349 0.01807 -0.0223877 -0.00471478 -0.0225282 -0.0209506 -0.00565692 0.0218793 -0.0219436 -0.00562913
internal_weight=10779.1 8642.6 6535.84 5554.8 518.532 5036.27 377.379 242.035 204.453 5015.01 981.038 135.344 5005.86 42.2669 4963.6 141.153 17.1364 118.208 135.755 13.1363
internal_count=77537 63288 49210 42637 3558 39079 2522 1630 1404 38948 6573 892 38893 284 38609 1036 120 772 1004 79
is_linear=0
shrinkage=0.02


Tree=60
num_leaves=12
num_cat=0
split_feature=29 29 49 27 18 27 13 50 25 50 49
split_gain=3856.03 6297.39 4292.62 64.2397 43.0472 41.4189 9.38548 12.8791 7.93059 1.84414 1.76174
threshold=0.89187507336605576 0.89625126321299919 0.78248894990604889 9.852404749846686 28911.425448392558 9.8482919045051371 5171.3184210526324 0.43314367218791633 103091.85083184585 0.95617503606128884 0.74593229477041645
decision_type=2 2 2 2 2 2 2 2 2 2 2
left_child=-1 2 3 5 -4 -2 9 -8 -9 10 -7
right_child=1 -3 4 -5 -6 6 7 8 -10 -11 -12
leaf_value=0.023811257013898426 0.018417866374591148 0.02385686037574225 0.0236860682469088 0.019731380602604362 -0.016429658130824108 -0.023261569292503975 -0.02084822655002878 -0.010407792667824767 0.011612445453958111 0 -0.00795359260803488
leaf_weight=2330.7877561748028 7.164279878139495 2180.1427361220121 942.59235511720181 11.647872239351271 8.3275377750396711 5066.496585637331 24.82940399646759 12.157372772693636 10.15197968482971 4.4589792340993872 13.586181774735449
leaf_count=15753 32 14641 6428 60 51 40147 177 71 52 22 93
internal_value=0.00109485 -0.0052979 -0.0157264 -0.0229381 0.023259 -0.0230503 -0.0231231 -0.0115098 0 -0.0232183 -0.0232316
internal_weight=10612.3 8281.56 6101.41 5150.49 950.92 5138.84 5131.68 47.1388 22.3094 5084.54 5080.08
internal_count=77527 61774 47133 40654 6479 40594 40562 300 123 40262 40240
is_linear=0
shrinkage=0.02


Tree=61
num_leaves=12
num_cat=0
split_feature=29 29 49 27 18 27 13 50 25 50 49
split_gain=3765.14 6149.01 4191.5 62.977 42.267 40.6903 9.4381 12.6614 7.66279 1.83243 1.78589
threshold=0.89187507336605576 0.89625126321299919 0.78248894990604889 9.852404749846686 28911.425448392558 9.8482919045051371 5171.3184210526324 0.43314367218791633 103091.85083184585 0.94985092166683538 0.74593229477041645
decision_type=2 2 2 2 2 2 2 2 2 2 2
left_child=-1 2 3 5 -4 -2 9 -8 -9 10 -7
right_child=1 -3 4 -5 -6 6 7 8 -10 -11 -12
leaf_value=0.023720337306808906 0.018232282486419706 0.023764696184606433 0.023596308192974532 0.019565887375677573 -0.016293007991551641 -0.023180369129832363 -0.020727533959594563 -0.010274348032307428 0.011366893941789396 -0.0013192408377751062 -0.0078487450982484518
leaf_weight=2293.3114780932665 7.1133312582969657 2145.1848733276129 927.41454872488976 11.529573932290075 8.2470193952321988 4982.7818056121469 24.48956772685051 12.095571413636209 10.206508010625837 5.675759643316268 13.519709900021551
leaf_count=15753 32 14641 6428 60 51 40141 177 71 52 28 93
internal_value=0.00109075 -0.00527766 -0.015667 -0.0228518 0.0231681 -0.0229642 -0.0230373 -0.0113777 0 -0.0231338 -0.02315
internal_weight=10441.6 8148.26 6003.07 5067.41 935.662 5055.88 5048.77 46.7916 22.3021 5001.98 4996.3
internal_count=77527 61774 47133 40654 6479 40594 40562 300 123 40262 40234
is_linear=0
shrinkage=0.02


Tree=62
num_leaves=11
num_cat=0
split_feature=29 29 49 23 27 18 27 13 50 49
split_gain=3676.72 6004.64 4093.07 62.7189 44.067 41.507 31.902 3.96503 7.56562 1.82411
threshold=0.89187507336605576 0.89625126321299919 0.78248894990604889 2.9174053685313028 9.852404749846686 28911.425448392558 9.8482919045051371 5171.3184210526324 0.43314367218791633 0.74593229477041645
decision_type=2 2 2 2 2 2 2 2 2 2
left_child=-1 2 3 -2 6 -4 -5 9 -9 -8
right_child=1 -3 5 4 -6 -7 7 8 -10 -11
leaf_value=0.023631858427922262 0.023371652877107817 0.023675008987489598 0.023508908949134093 0.016779133072453829 0.017863431751069431 -0.016157823684570818 -0.0231191813941042 -0.020608428655185779 -0.0016331852492728538 -0.0077450232490786251
leaf_weight=2256.2398422807455 9.3905840069055539 2110.6003350764513 912.40344907343388 5.5762373954057685 8.1303135156631452 8.1672352552413923 4904.219627790153 24.153424702584743 20.388129219412804 13.454199731349943
leaf_count=15753 47 14641 6428 23 39 51 40159 177 116 93
internal_value=0.00108673 -0.00525792 -0.015609 -0.0227675 -0.022872 0.0230794 -0.0229539 -0.0230133 -0.0132257 -0.0230884
internal_weight=10272.7 8016.48 5905.88 4985.31 4975.92 920.571 4967.79 4962.22 44.5416 4917.67
internal_count=77527 61774 47133 40654 40607 6479 40568 40545 293 40252
is_linear=0
shrinkage=0.02


Tree=63
num_leaves=11
num_cat=0
split_feature=29 29 49 23 27 18 27 13 50 50
split_gain=3590.65 5864.12 3997.28 61.5044 43.2781 40.7665 31.3932 4.02365 7.4383 1.95868
threshold=0.89187507336605576 0.89625126321299919 0.78248894990604889 2.9174053685313028 9.852404749846686 28911.425448392558 9.8482919045051371 5171.3184210526324 0.43314367218791633 0.95617503606128884
decision_type=2 2 2 2 2 2 2 2 2 2
left_child=-1 2 3 -2 6 -4 -5 9 -9 -8
right_child=1 -3 5 4 -6 -7 7 8 -10 -11
leaf_value=0.023545737662607251 0.023130733832340829 0.02358771538943762 0.023423791351221083 0.016602385995818682 0.01769896714544528 -0.016024061089884328 -0.023022380266568172 -0.020490841771977356 -0.0016047126460031784 0
leaf_weight=2219.5781635642052 9.3201654553413373 2076.3941851556301 897.56099505722523 5.5445011109113684 8.0610289424657804 8.0881964564323408 4832.5438423082232 23.821011945605278 20.370543375611305 4.4102988243103018
leaf_count=15753 47 14641 6428 23 39 51 40230 177 116 22
internal_value=0.00108299 -0.00523854 -0.0155525 -0.0226854 -0.0227902 0.0229929 -0.0228724 -0.0229322 -0.0130975 -0.0230084
internal_weight=10105.7 7886.11 5809.72 4904.07 4894.75 905.649 4886.69 4881.15 44.1916 4836.95
internal_count=77527 61774 47133 40654 40607 6479 40568 40545 293 40252
is_linear=0
shrinkage=0.02


Tree=64
num_leaves=23
num_cat=0
split_feature=27 27 49 46 25 23 23 17 15 23 49 49 23 45 23 16 23 25 23 13 17 15
split_gain=3077.32 5018.85 3500.09 405.847 179.681 100.235 88.603 68.9364 95.0916 28.0818 27.4676 23.3605 23.6815 22.6262 14.8202 10.3584 8.87753 5.35894 4.61556 2.38416 1.64296 0.67219
threshold=9.8482919045051371 9.852404749846686 0.78248894990604889 0.54918146497312625 159969.38312817307 2.9174053685313028 2.9174053685313028 3209.0384012539189 3239.3945305955663 3.3842466058243152 0.56654061964520197 0.69529314019160282 3.3842466058243152 0.60796146948601437 4.3372693810700085 4387.8901098901106 4.3502571242716384 592977.9833333334 3.8176519431297078 5170.4224310776954 4380.6724649978796 3386.5452451243518
decision_type=2 2 2 2 2 2 2 2 2 2 2 2 2 2 2 2 2 2 2 2 2 2
left_child=-1 2 3 6 5 -5 -2 8 -7 -4 15 17 -13 -9 -14 18 -12 19 -6 -8 -11 -17
right_child=1 -3 9 4 10 7 11 13 -10 20 16 12 14 -15 -16 21 -18 -19 -20 -21 -22 -23
leaf_value=0.023440201968092645 0.022269390321103224 0.023422990166554105 0.023341198787694441 0.021450164575013978 0 -0.020793614974673118 -0.022449617550713584 -0.020311749739658609 0.022366912869550094 0 -0.013797455611944693 0.030287613597438402 -0.017502895781520606 -0.0097374219584431508 0.012265137077105828 0.0044970062818616638 0.011475736374357741 0 0.02205620457365446 -0.01407429361462852 -0.011479068168069031 -0.00073899543424512575
leaf_weight=1971.7501077204943 15.594108894467352 1948.5829630345106 884.15687957406044 33.889503672719002 5.3927306383848181 33.190541639924049 4356.7133334651589 242.55950095504522 45.799625545740128 7.498883977532385 14.561921939253809 3.9886178970336905 30.501538507640362 159.37391354888678 5.2633524984121314 12.035136863589289 5.0702811032533637 7.3046893179416648 96.302180826663971 52.004562929272652 4.7086720317602158 4.3621322214603415
leaf_count=14271 99 14136 6437 239 37 252 36936 1935 292 47 113 18 234 1186 32 78 34 47 658 386 30 30
internal_value=0.00107938 -0.00445287 -0.0134869 -0.0198694 -0.00503728 -0.0105097 -0.0220218 -0.0129242 0.00367195 0.0229163 0.0149901 -0.0221957 -0.0052308 -0.0162868 -0.0116453 0.0186678 -0.0049637 -0.022337 0.0210564 -0.0223663 -0.0039955 0.00100094
internal_weight=9940.61 7968.86 6020.27 5123.91 652.537 514.813 4471.37 480.924 78.9902 896.364 137.724 4455.78 39.7535 401.933 35.7649 118.092 19.6322 4416.02 101.695 4408.72 12.2076 16.3973
internal_count=77527 63256 49120 42606 4854 3904 37752 3665 544 6514 950 37653 284 3121 266 803 147 37369 695 37322 77 108
is_linear=0
shrinkage=0.02


Tree=65
num_leaves=11
num_cat=0
split_feature=29 29 49 27 18 27 23 48 49 2
split_gain=3403.03 5587.47 3857.94 65.8015 40.5829 36.9493 23.0393 4.62859 6.71774 3.89489
threshold=0.89187507336605576 0.89625126321299919 0.78248894990604889 9.852404749846686 28911.425448392558 9.8482919045051371 2.9174053685313028 0.70158417772348469 0.38620917251576448 7692.1797862955054
decision_type=2 2 2 2 2 2 2 2 2 2
left_child=-1 2 3 5 -4 -2 -7 9 -9 -8
right_child=1 -3 4 -5 -6 6 7 8 -10 -11
leaf_value=0.023386271332937057 0.01719676625314031 0.023433740063898489 0.023261407375262153 0.019639389121090266 -0.015989609601075178 0.017275481551861233 -0.022892984124783831 -0.00050580008464592681 -0.018487185700398149 -0.0062827709590382343
leaf_weight=2141.1650436967611 6.7975472062826148 2014.8079160302877 880.79851418733597 12.320356622338293 8.1428754478692991 3.2638941407203665 4657.2451380118728 17.328871555626392 32.969148464500904 14.109663240611551
leaf_count=15696 32 14660 6520 66 52 12 40043 112 242 111
internal_value=0.00110887 -0.00512743 -0.015355 -0.0225237 0.0228219 -0.0226501 -0.0227232 -0.0227666 -0.0133133 -0.0228541
internal_weight=9788.95 7647.78 5632.98 4744.03 888.941 4731.71 4724.92 4721.65 50.298 4671.35
internal_count=77546 61850 47190 40618 6572 40552 40520 40508 354 40154
is_linear=0
shrinkage=0.02


Tree=66
num_leaves=11
num_cat=0
split_feature=29 29 49 27 23 27 23 13 50 50
split_gain=3324.15 5457.88 3768.38 64.5177 39.8699 36.3266 22.7362 6.66627 9.0108 2.847
threshold=0.89187507336605576 0.89625126321299919 0.78248894990604889 9.852404749846686 3.3842466058243152 9.8482919045051371 2.9174053685313028 5171.3184210526324 0.43314367218791633 0.96110080553885113
decision_type=2 2 2 2 2 2 2 2 2 2
left_child=-1 2 3 5 -4 -2 -7 9 -9 -8
right_child=1 -3 4 -5 -6 6 7 8 -10 -11
leaf_value=0.023306632119462409 0.017030132693169379 0.02335285577501453 0.023182705373896991 0.019481279491624336 -0.015858417696147036 0.017063024050682246 -0.022793771367008473 -0.020030379337836642 0 0
leaf_weight=2105.8733150064945 6.7468580454587928 1981.6903444677591 866.26574112474918 12.189492166042326 8.0633812397718412 3.2633509933948508 4597.7473162040114 21.566695183515549 20.420742630958557 3.9432733058929434
leaf_count=15696 32 14660 6520 66 52 12 40207 165 116 20
internal_value=0.0011053 -0.00510954 -0.0153023 -0.0224465 0.0227416 -0.0225733 -0.0226467 -0.0226905 -0.0115332 -0.0227786
internal_weight=9627.77 7521.9 5540.21 4665.88 874.329 4653.69 4646.94 4643.68 41.9874 4601.69
internal_count=77546 61850 47190 40618 6572 40552 40520 40508 281 40227
is_linear=0
shrinkage=0.02


Tree=67
num_leaves=15
num_cat=0
split_feature=29 29 49 23 18 48 49 23 50 50 49 18 18 28
split_gain=3247.33 5331.68 3681.15 45.0883 39.1748 10.4113 10.2834 12.6844 9.21362 5.27234 11.7046 4.1017 88.9486 0.436429
threshold=0.89187507336605576 0.89625126321299919 0.78248894990604889 2.9174053685313028 28911.425448392558 0.70158417772348469 0.38620917251576448 3.0201273556387074 0.43376747342913147 0.85321880095028524 0.38045198692524529 4326.3207631714886 5279.2259844961245 0.010342455521972351
decision_type=2 2 2 2 2 2 2 2 2 2 2 2 2 2
left_child=-1 2 3 -2 -4 9 7 -7 -9 11 -11 13 -13 -5
right_child=1 -3 4 5 -6 6 -8 8 -10 10 -12 12 -14 -15
leaf_value=0.023229058347306861 0.020017146976089039 0.023274072864888081 0.02310599777249564 -0.0081449751424095308 -0.015728529328603216 -0.015873831080523176 -0.017693359434625591 0 0.02862357388062594 0.009557215485013126 -0.018285293197400857 0.042237521280579414 -0.022027566134683037 -0.022784325024170583
leaf_weight=2071.0047840178013 7.5790606290101996 1948.9660015702248 851.9096549898386 12.180073522031305 7.9846805185079566 8.5233012586832064 32.584526032209396 5.4496553242206556 5.4545125961303711 6.2649162262678173 13.385571345686911 7.3077905178070059 87.302083253860474 4402.6282461881638
leaf_count=15696 41 14660 6520 99 52 61 244 37 27 38 88 35 744 39204
internal_value=0.0011019 -0.00509201 -0.0152508 -0.0223712 0.0226633 -0.0224588 -0.0111488 0 0.0137003 -0.0225749 -0.00749822 -0.0226283 -0.015878 -0.0227567
internal_weight=9468.52 7397.52 5448.55 4588.66 859.894 4581.08 52.012 19.4275 10.9042 4529.07 19.6505 4509.42 94.6099 4414.81
internal_count=77546 61850 47190 40618 6572 40577 369 125 64 40208 126 40082 779 39303
is_linear=0
shrinkage=0.02


Tree=68
num_leaves=11
num_cat=0
split_feature=29 29 49 27 18 27 23 13 50 49
split_gain=3172.57 5208.68 3595.98 63.091 38.497 35.8546 22.1099 6.8485 8.86629 3.04041
threshold=0.89187507336605576 0.89625126321299919 0.78248894990604889 9.852404749846686 28911.425448392558 9.8482919045051371 2.9174053685313028 5171.3184210526324 0.43314367218791633 0.74593229477041645
decision_type=2 2 2 2 2 2 2 2 2 2
left_child=-1 2 3 5 -4 -2 -7 9 -9 -8
right_child=1 -3 4 -5 -6 6 7 8 -10 -11
leaf_value=0.023153485179934683 0.016984357073069677 0.02319732289666512 0.023031218957327841 0.019360905940624437 -0.015599908410643773 0.016612116960398004 -0.022669629204820709 -0.019807565102399342 0 -0.0055229129449063698
leaf_weight=2036.5618975311518 6.7104481160640708 1916.6374566853046 837.73111398518085 12.044887900352476 7.9067793935537329 3.2605853080749503 4437.7842299565673 20.981748647987843 20.27459642291069 11.81831058859825
leaf_count=15696 32 14660 6520 66 52 12 40140 165 116 87
internal_value=0.00109825 -0.00507493 -0.0151997 -0.022296 0.0225869 -0.0224249 -0.0225002 -0.0225449 -0.0112454 -0.0226356
internal_weight=9311.71 7275.15 5358.51 4512.87 845.638 4500.83 4494.12 4490.86 41.2563 4449.6
internal_count=77546 61850 47190 40618 6572 40552 40520 40508 281 40227
is_linear=0
shrinkage=0.02


Tree=69
num_leaves=11
num_cat=0
split_feature=29 29 49 27 18 27 23 13 50 50
split_gain=3099.72 5088.96 3513.18 61.8773 37.8359 35.2601 21.8263 6.89877 8.70374 3.07787
threshold=0.89187507336605576 0.89625126321299919 0.78248894990604889 9.852404749846686 28911.425448392558 9.8482919045051371 2.9174053685313028 5171.3184210526324 0.43314367218791633 0.85321880095028524
decision_type=2 2 2 2 2 2 2 2 2 2
left_child=-1 2 3 5 -4 -2 -7 9 -9 -8
right_child=1 -3 4 -5 -6 6 7 8 -10 -11
leaf_value=0.023079848608987465 0.016820640754254736 0.023122541077275117 0.022958306277151851 0.01920649630900037 -0.015472519439272192 0.016412317658954564 -0.022611683271059488 -0.019695392319016309 0 -0.0083693147636210094
leaf_weight=2002.5465804710984 6.6602187752723685 1884.7067396938801 823.73081742227077 11.916262850165365 7.8296844363212577 3.2586398124694815 4356.8161741197109 20.69351564347744 20.27459642291069 18.073750540614128
leaf_count=15696 32 14660 6520 66 52 12 40107 165 116 120
internal_value=0.00109497 -0.00505821 -0.0151504 -0.0222239 0.0225122 -0.0223531 -0.0224287 -0.0224739 -0.0111287 -0.0225658
internal_weight=9156.51 7153.96 5269.25 4437.69 831.561 4425.78 4419.12 4415.86 40.9681 4374.89
internal_count=77546 61850 47190 40618 6572 40552 40520 40508 281 40227
is_linear=0
shrinkage=0.02


Tree=70
num_leaves=10
num_cat=0
split_feature=29 29 49 27 27 23 49 18 25
split_gain=3042.81 4991.33 3429.84 59.7083 36.0723 22.9905 16.0742 68.6875 5.07968
threshold=0.89187507336605576 0.89625126321299919 0.90428537381526175 9.852404749846686 9.8482919045051371 2.9174053685313028 0.69529314019160282 5279.2259844961245 592977.9833333334
decision_type=2 2 2 2 2 2 2 2 2
left_child=-1 2 3 4 -2 -6 8 -8 -7
right_child=1 -3 -4 -5 5 6 7 -9 -10
leaf_value=0.023007658634319049 0.016894871855341661 0.023048911648824492 0.022885567544558564 0.018942613155093199 0.016747820111177227 -0.022505729365317945 0.029470931878281151 -0.021514757593400886 0
leaf_weight=1963.2589184865355 6.9028178155422202 1851.6968477964401 799.42766194790602 11.679986894130705 3.5111440122127524 4324.0867386907339 11.330638043582438 44.086948357522488 5.7305045574903479
leaf_count=15651 34 14649 6436 66 13 40406 74 362 35
internal_value=0.00099349 -0.00512871 -0.0151623 -0.02208 -0.0222066 -0.0222849 -0.0223329 -0.00973018 -0.0224804
internal_weight=9021.71 7058.45 5206.76 4407.33 4395.65 4388.75 4385.23 55.4176 4329.82
internal_count=77726 62075 47426 40990 40924 40890 40877 436 40441
is_linear=0
shrinkage=0.02


Tree=71
num_leaves=24
num_cat=0
split_feature=50 49 47 23 23 28 28 16 0 40 0 28 48 28 3 23 44 23 23 28 49 25 23
split_gain=1239.2 1059.63 1610.54 800.553 1713.24 657.143 656.67 448.094 167.027 56.1963 42.1412 30.7953 26.0746 23.827 21.5999 21.8239 18.0742 15.97 16.05 15.4744 10.1373 8.76685 57.5583
threshold=0.53430002385739706 0.74593229477041645 0.22956420470907377 2.9174053685313028 2.9700856263602158 0.099994142961201002 0.31589577481005859 3217.3464206570966 6025.0000000000009 3116.4746425166832 1861.0000000000002 0.79569608264226177 0.39568927102679791 0.075290971690402914 -1.0000000180025095e-35 3.3842466058243152 0.10880786759362417 3.9219243190762363 3.1567740231385479 0.030095172073618653 0.69529314019160282 270169.3832209009 4.2972622671762819
decision_type=2 2 2 2 2 2 2 2 2 2 2 2 2 2 2 2 2 2 2 2 2 2 2
left_child=1 2 16 -4 9 10 7 -7 -8 11 13 19 14 -6 21 -16 20 18 -18 -5 -1 22 -2
right_child=12 -3 3 4 5 6 8 -9 -10 -11 -12 -13 -14 -15 15 -17 17 -19 -20 -21 -22 -23 -24
leaf_value=-0.022462088102698476 0.019031622148728229 0.02284731625830844 0.022806375592480971 0 0.016070273645032173 0.017633875483346075 0.022761602298985831 -0.010162608740078617 -0.0020202879165011844 0.017091035694629133 0.022773607764543315 0.011000828422481184 0.020427486474791406 0.00018110487923682741 0.014761604260133732 -0.015473614371424638 0.010939554563496061 0.0094630836375708509 -0.017314503567793248 -0.021278257476104581 0 0.021534361633900143 -0.0067097007909493571
leaf_weight=1522.0840517953038 114.59084343910217 621.39007081836462 593.62821386009455 11.759427785873411 142.7408849298954 271.99901831150055 518.33342019468546 1488.9964165538549 133.49690747261047 13.250204481184481 712.96156049519777 9.2847151160240156 1046.3359713330865 58.113738410174847 14.980611965060232 19.161940164864063 5.7671182826161376 8.8916569948196393 81.53449922055006 1358.8668493703008 4.7005761787295333 71.641894116997719 45.510867476463318
leaf_count=14763 927 5077 4904 95 1126 2183 4261 13036 1111 104 5872 74 8574 467 121 159 44 70 756 13006 35 582 379
internal_value=0.000991217 -0.00212042 -0.00436883 0.000952308 -0.00179639 0.00599292 0.000500711 -0.00583141 0.0176344 -0.0204066 0.020418 -0.0208198 0.0189192 0.0117173 0.0127262 -0.00101793 -0.0217939 -0.012 -0.0147969 -0.0210802 -0.0223683 0.0149136 0.0114751
internal_weight=8870.02 7557.8 6936.41 5313.43 4719.8 3326.64 2412.83 1761 651.83 1393.16 913.816 1379.91 1312.22 200.855 265.886 34.1426 1622.98 96.1933 87.3016 1370.63 1526.78 231.744 160.102
internal_count=77726 66984 61907 46239 41335 28056 20591 15219 5372 13279 7465 13175 10742 1593 2168 280 15668 870 800 13101 14798 1888 1306
is_linear=0
shrinkage=0.02


Tree=72
num_leaves=24
num_cat=0
split_feature=27 27 23 23 40 40 46 23 23 22 40 22 40 23 17 15 23 47 47 23 45 3 48
split_gain=2572.38 4195.29 388.934 1376.99 354.094 446.343 237.606 209.77 128.375 74.3697 77.2439 62.0736 25.3529 23.4323 15.4061 24.7619 14.4316 13.8003 10.4728 9.71549 7.9797 7.92416 6.85885
threshold=9.8482919045051371 9.852404749846686 3.1984648276080736 3.3842466058243152 3651.6289997117328 3356.2297764863656 0.54786621397533986 2.9174053685313028 3.8393944990995772 6170.5000000000009 3361.5885310666831 32377.500000000004 4490.095701125897 3.2769667020129059 3209.0384012539189 3364.7215302491109 4.7317931335534196 0.40734047354454467 0.73629610289593195 4.3372693810700085 0.66800987058057693 -97.71818949999998 0.37569305534324343
decision_type=2 2 2 2 2 2 2 2 2 2 2 2 2 2 2 2 2 2 2 2 2 2 2
left_child=-1 2 7 4 5 13 11 -2 14 10 -7 16 22 -4 15 -8 -5 -18 21 -14 -16 -9 -10
right_child=1 -3 3 6 -6 9 8 18 12 -11 -12 -13 19 -15 20 -17 17 -19 -20 -21 -22 -23 -24
leaf_value=0.022868801583675415 0.022114860057321058 0.022852317626125562 -0.0047300981313089007 -0.022119701252128456 0.02275513839182506 -0.012313439528409345 -0.017058894895938596 0 0 -0.018767660722971435 0.0041106992524597846 0.026401133899837306 -0.0091809545861713214 0.022926186677191075 -0.018334470189983468 0.018036733879144153 -0.014568784886586866 0.014668448531807599 0.0032037737154418156 0.011072917373712479 -0.0056982945179859124 -0.021827629425666531 0.020499157033281062
leaf_weight=1723.901998244226 42.430924281477928 1709.5589498579502 9.7202249839901906 1834.2276525944471 393.47056202590466 226.16680416464806 14.037192754447462 7.5621194764971724 5.6457716450095168 204.62671959400177 223.63258769363165 8.3540836572647077 21.290031880140305 258.86746919155121 115.25603619217873 14.100386470556257 16.559424214065078 7.067371040582656 3.4722611382603636 13.684589818120001 39.326080843806267 1781.4348597973585 80.331065617501736
leaf_count=14209 331 14134 87 17646 3228 2094 116 62 42 1822 1932 52 175 2141 1019 104 143 46 26 99 307 17292 619
internal_value=0.000985942 -0.00437885 -0.0131402 -0.00918801 0.00692032 9.22666e-05 -0.0189769 -0.0206095 -0.00240331 -0.00877465 -0.00407705 -0.0216469 0.0132887 0.0217499 -0.0130386 0 -0.0219126 -0.00380008 -0.0216667 -4.07193e-06 -0.0154891 -0.0217408 0.019028
internal_weight=8754.73 7030.82 5321.26 3486.36 1316.48 923.014 2169.88 1834.9 303.671 654.426 449.799 1866.21 120.951 268.588 182.72 28.1376 1857.85 23.6268 1792.47 34.9746 154.582 1789 85.9768
internal_count=77726 63517 49383 31672 11304 8076 20368 17711 2481 5848 4026 17887 935 2228 1546 220 17835 189 17380 274 1326 17354 661
is_linear=0
shrinkage=0.02


Tree=73
num_leaves=10
num_cat=0
split_feature=29 29 49 27 27 23 49 18 25
split_gain=2860.33 4697.59 3222.75 56.347 34.1662 21.9689 15.5141 65.4201 5.09735
threshold=0.89187507336605576 0.89625126321299919 0.90428537381526175 9.852404749846686 9.8482919045051371 2.9174053685313028 0.69529314019160282 5279.2259844961245 592977.9833333334
decision_type=2 2 2 2 2 2 2 2 2
left_child=-1 2 3 4 -2 -6 8 -8 -7
right_child=1 -3 -4 -5 5 6 7 -9 -10
leaf_value=0.022827519718177522 0.016365682992070484 0.02287201534983475 0.022701667545358014 0.018494586500507792 0.016022628003923428 -0.022333905621365675 0.028967696123016279 -0.021306289042825534 0
leaf_weight=1874.4015097543597 6.7153432220220557 1769.6823298409581 763.10405371338129 11.283280596137045 3.4925981462001792 4130.9851838648319 11.089024521410463 42.62316220998764 5.6568810418248168
leaf_count=15651 34 14649 6436 66 13 40406 74 362 35
internal_value=0.000982043 -0.00508807 -0.0150472 -0.0219036 -0.0220304 -0.0221092 -0.0221581 -0.00954181 -0.0223076
internal_weight=8619.03 6744.63 4974.95 4211.85 4200.56 4193.85 4190.35 53.7122 4136.64
internal_count=77726 62075 47426 40990 40924 40890 40877 436 40441
is_linear=0
shrinkage=0.02


Tree=74
num_leaves=10
num_cat=0
split_feature=29 29 49 27 27 23 49 25 13
split_gain=2795.4 4590.82 3149.65 55.2934 33.6108 21.687 15.2937 31.9495 5.23172
threshold=0.89187507336605576 0.89625126321299919 0.90428537381526175 9.852404749846686 9.8482919045051371 2.9174053685313028 0.69529314019160282 99537.154152274554 5166.4061403508776
decision_type=2 2 2 2 2 2 2 2 2
left_child=-1 2 3 4 -2 -6 8 -8 -7
right_child=1 -3 -4 -5 5 6 7 -9 -10
leaf_value=0.022762122183355559 0.016213181156443612 0.022805483923091795 0.022636765846191419 0.018350999763741997 0.015835895004950959 -0.022361280353647876 0.0098751236786989247 -0.020695832540296357 -0.013574263108333633
leaf_weight=1842.517138466239 6.6622852981090537 1739.65572270751 750.12224467843771 11.161016523838041 3.4867481887340537 4004.2836401984096 18.240801259875298 34.714946523308754 61.949130527675152
leaf_count=15651 34 14649 6436 66 13 39931 137 299 510
internal_value=0.000979992 -0.00507215 -0.015002 -0.0218382 -0.0219654 -0.0220446 -0.022094 -0.00946154 -0.022244
internal_weight=8472.79 6630.28 4890.62 4140.5 4129.34 4122.68 4119.19 52.9557 4066.23
internal_count=77726 62075 47426 40990 40924 40890 40877 436 40441
is_linear=0
shrinkage=0.02


Tree=75
num_leaves=24
num_cat=0
split_feature=27 27 49 46 50 23 23 23 17 17 18 23 23 18 23 5 47 46 48 15 25 23 25
split_gain=2390.28 3918.03 2733.3 328.052 135.012 81.7989 81.0594 46.0662 34.5639 25.1037 23.9593 85.2585 22.7711 22.2538 19.8995 7.31909 6.77356 5.41682 18.0286 2.39983 2.212 2.11042 0.595109
threshold=9.8482919045051371 9.852404749846686 0.78248894990604889 0.55129982129340604 0.58406365887607381 2.9174053685313028 3.7726948748059121 2.9174053685313028 4340.0369003690039 3209.0384012539189 4326.2421862086785 3.3842466058243152 3.3842466058243152 28920.984865844821 4.3502571242716384 8293.0000000000018 0.4414234341612398 0.53670511536050036 0.38121348881520595 3386.4826221148692 1.0000000180025095e-35 4.7317931335534196 142195.15759865855
decision_type=2 2 2 2 2 2 2 2 2 2 2 2 2 2 2 2 2 2 2 2 2 2 2
left_child=-1 2 3 5 6 -2 7 -5 13 -9 17 -12 -4 20 -13 -10 -8 21 -19 -15 -6 -7 -14
right_child=1 -3 12 4 8 10 16 9 15 -11 11 14 22 19 -16 -17 -18 18 -20 -21 -22 -23 -24
leaf_value=0.022672983273244792 0.021309502171958931 0.022657965176696052 0.022575677033428332 0.017844800638372627 0 -0.021861639486993319 0 -0.0014255434533149026 0.0053653242653819971 -0.017736008319715457 0.047745312774361469 -0.019991096361763109 -0.0075974588042131211 -0.012096597187897381 0.0097411925112435935 -0.016071744021816801 0.017561099316797581 -0.0038885197503570881 -0.020591218475833339 0 0.021121652250992919 -0.0071911049534756199 0
leaf_weight=1645.5895492136478 15.621858462691305 1636.0261051207781 742.53492481261492 14.873076774179934 3.574294611811637 3513.5532699078321 14.800199158489702 50.373998858034611 5.1914647519588497 276.58595532923937 7.0949939340353003 67.9193434715271 4.2201556116342527 5.9747113510966292 7.1960036680102339 15.708354793488978 34.732619345188141 43.98599898815155 105.12648198008537 8.1874040737748128 96.594233840703964 14.522720485925673 6.6487248837947845
leaf_count=14287 114 14244 6479 126 28 35767 112 407 36 2560 33 644 30 55 50 121 261 371 1005 67 805 126 47
internal_value=0.00108984 -0.0042175 -0.012929 -0.0190889 -0.00418757 -0.0211536 -0.0101893 -0.0137118 0.0127858 -0.0153686 -0.0213519 -0.00942807 0.0221457 0.0171977 -0.0164453 -0.00899656 0.0129323 -0.0216024 -0.0160455 -0.00357868 0.0205391 -0.0218167 -0.00306626
internal_weight=8336.64 6691.05 5055.02 4301.62 526.596 3775.02 391.366 341.833 135.23 326.96 3759.4 82.2103 753.404 114.331 75.1153 20.8998 49.5328 3677.19 149.112 14.1621 100.169 3528.08 10.8689
internal_count=77775 63488 49244 42688 4578 38110 3466 3093 1112 2967 37996 727 6556 955 694 157 373 37269 1376 122 833 35893 77
is_linear=0
shrinkage=0.02


Tree=76
num_leaves=24
num_cat=0
split_feature=27 27 49 46 25 17 15 24 45 17 18 18 18 49 45 16 2 46 48 25 26 18 48
split_gain=2336.13 3827.08 2668 323.427 128.542 59.9355 84.534 52.9111 32.543 29.3049 23.615 67.1648 22.2897 19.4877 12.3228 8.6977 8.16346 7.329 18.7543 4.0945 1.24528 0.756591 0.412915
threshold=9.8482919045051371 9.852404749846686 0.78248894990604889 0.55129982129340604 159969.38312817307 3209.0384012539189 3364.7215302491109 1.0000000180025095e-35 0.66214070787941626 4340.0369003690039 4326.2421862086785 5279.2259844961245 28911.425448392558 0.56654061964520197 0.52253755910920263 4387.8901098901106 444.21541503196153 0.53670511536050036 0.38121348881520595 270169.3832209009 136.87343358395992 28921.575557167034 0.70158417772348469
decision_type=2 2 2 2 2 2 2 2 2 2 2 2 2 2 2 2 2 2 2 2 2 2 2
left_child=-1 2 3 7 5 6 -5 -2 16 -10 17 -12 -4 15 -13 20 -7 22 -19 -15 -6 -14 -9
right_child=1 -3 12 4 13 8 -8 10 9 -11 11 14 21 19 -16 -17 -18 18 -20 -21 -22 -23 -24
leaf_value=0.022611241281512234 0.019140330656434473 0.022596526840677363 0.022514036058425564 -0.019967761893891222 0.021053315963996393 -0.018127050981794162 0.021514590179499995 -0.021751257053988175 0.0048992103694230557 -0.017320752686541718 0.036828282273816598 -0.020058928055542369 -0.0067901807235076781 -0.011109093012678048 0 0.00034092282037286785 0 -0.0033510748361450472 -0.020174141867358414 0.006249990223933132 0 0 -0.011050202605430907
leaf_weight=1617.3702569231391 10.550338439643381 1607.9523262828588 729.63337931036949 28.884817503392696 78.246974378824234 220.46443482488394 50.278779439628124 3449.9298935830593 62.091307520866394 34.587526142597198 8.6888352707028371 58.915716581046581 6.5844952464103681 11.254938118159769 13.714776575565336 14.302759133279322 12.77682902663946 44.766038827598095 104.17827834933996 4.4809166714549056 4.0540418475866309 4.4500275403261185 22.986172467470169
leaf_count=14287 79 14244 6477 258 641 2092 394 35729 505 311 46 570 47 101 111 108 101 378 1008 35 32 32 189
internal_value=0.00108644 -0.00420053 -0.0128737 -0.0190034 -0.00413918 -0.0094015 0.00576682 -0.0210763 -0.0131744 -0.00283472 -0.0212119 -0.00930403 0.0220787 0.0145029 -0.0161979 0.0179 -0.0172297 -0.0214629 -0.0154943 -0.00376326 0.0203965 -0.0026735 -0.0216983
internal_weight=8201.14 6583.77 4975.82 4235.15 521.423 409.084 79.1636 3713.73 329.92 96.6788 3703.18 81.3193 740.668 112.34 72.6305 96.6038 233.241 3621.86 148.944 15.7359 82.301 11.0345 3472.92
internal_count=77775 63488 49244 42688 4578 3661 652 38110 3009 816 38031 727 6556 917 681 781 2193 37304 1386 136 673 79 35918
is_linear=0
shrinkage=0.02


Tree=77
num_leaves=24
num_cat=0
split_feature=50 49 47 23 23 16 23 23 22 40 40 18 23 23 40 4 23 23 14 45 23 49 40
split_gain=1070.38 927.841 1414.52 712.265 1475 589.323 518.893 538.262 84.7718 78.6026 47.3849 40.3752 44.2356 67.6731 21.976 13.3138 11.5442 16.1944 8.80085 8.57008 5.79894 5.28793 4.088
threshold=0.53430002385739706 0.74593229477041645 0.17718463642112975 2.9174053685313028 2.9700856263602158 3165.9585798816574 3.7726948748059121 3.4498615536424366 1164.0000000000002 3411.5120899430162 3122.3841059602651 5279.2259844961245 4.3107766033702406 4.2972622671762819 4604.0048646249461 33.665945000000008 3.4175922930736511 3.3842466058243152 1.0000000180025095e-35 0.432458132680062 3.3497501700808394 0.69529314019160282 4620.9835486018646
decision_type=2 2 2 2 2 2 2 2 2 2 2 2 2 2 2 2 2 2 2 2 2 2 2
left_child=1 2 19 -4 10 9 7 -7 -8 15 -5 18 13 14 16 -6 17 -13 -2 21 -11 -1 -20
right_child=11 -3 3 4 5 6 8 -9 -10 20 -12 12 -14 -15 -16 -17 -18 -19 22 -21 -22 -23 -24
leaf_value=-0.022035639219068287 0.0092193068393523845 0.022508539246126884 0.022465845307758709 -0.020433289250997425 0.007503133702903968 0.0068811752080735165 0.001218619521339796 -0.015307554876479907 0.020676962438945259 0.0057070855917133534 0.016481118334923949 0.013261524943598214 0.021189238571349262 -0.018623378468138697 0.020976122581076072 0.02295697589019479 0.015997316367760507 -0.017687008516151147 0.022049330223248141 -0.0050694517481389622 -0.011270644517295075 0 0.017482668327693157
leaf_weight=1389.3866040557623 44.985194072127342 566.79082327336073 543.96208786964417 1244.0964474454522 33.6451356112957 825.31459963321686 116.34402784705162 922.56673823297024 469.80253133177757 5.994999147951602 11.466278627514837 7.1301834806799915 82.130634889006615 39.684153571724892 47.696440294384956 692.94292767345905 10.811624161899088 17.854409910738468 658.78200522810221 19.744449533522129 29.108489714562893 4.6378718987107268 282.84465505927801
leaf_count=14903 391 5101 4974 13129 300 7440 1063 9145 4116 54 98 64 729 361 422 6227 96 165 5970 189 261 38 2539
internal_value=0.00108274 -0.00194671 -0.0041565 0.000927367 -0.00176509 0.00564155 0.000633426 -0.00481173 0.0169 0.0208936 -0.0200387 0.0185662 0.00995463 0.00192532 0.0123672 0.0223188 0 -0.0070442 0.0202939 -0.0217643 -0.00714177 -0.0219645 0.02076
internal_weight=8067.72 6875.8 6309.01 4895.24 4351.28 3095.72 2334.03 1747.88 586.147 761.692 1255.56 1191.92 205.307 123.177 83.4927 726.588 35.7962 24.9846 986.612 1413.77 35.1035 1394.02 941.627
internal_count=77775 67038 61937 46807 41833 28606 21764 16585 5179 6842 13227 10737 1837 1108 747 6527 325 229 8900 15130 315 14941 8509
is_linear=0
shrinkage=0.02


Tree=78
num_leaves=10
num_cat=0
split_feature=29 29 49 27 23 27 49 18 48
split_gain=2589.04 4240.3 2869.87 46.7311 34.204 23.5676 18.506 29.2148 2.59178
threshold=0.89187507336605576 0.89625126321299919 0.90428537381526175 9.852404749846686 2.9174053685313028 9.8482919045051371 0.74593229477041645 5279.2259844961245 0.70158417772348469
decision_type=2 2 2 2 2 2 2 2 2
left_child=-1 2 3 4 -2 -6 8 -8 -7
right_child=1 -3 -4 -5 5 6 7 -9 -10
leaf_value=0.022543935024265046 0.019362884928635544 0.022592393562822513 0.022393459405332519 0.017251611670451781 0.013742167656552038 -0.02207436260033286 0.020924138187079153 -0.018940716265513111 -0.012999590542860063
leaf_weight=1751.2559067830443 5.6188810169696799 1639.3482014909387 697.48292519897223 9.8167440891265851 4.820459157228469 3781.8589697107673 9.3477105721831339 17.559871606528759 44.223673216998577
leaf_count=15854 25 14683 6410 61 22 40138 72 145 365
internal_value=0.00107694 -0.00497567 -0.0148776 -0.0216077 -0.0217256 -0.0218059 -0.0218678 -0.00321843 -0.0219868
internal_weight=7961.33 6210.08 4570.73 3873.25 3863.43 3857.81 3852.99 26.9076 3826.08
internal_count=77775 61921 47238 40828 40767 40742 40720 217 40503
is_linear=0
shrinkage=0.02


Tree=79
num_leaves=24
num_cat=0
split_feature=27 27 49 46 50 23 23 23 17 17 49 23 23 49 23 23 5 3 46 15 25 15 25
split_gain=2196.72 3597.63 2492.08 304.858 122.765 76.1858 73.1995 42.0913 32.273 23.3035 22.8443 23.2487 21.5783 19.5753 11.6815 8.44179 7.15512 6.70688 3.94059 2.95296 1.4963 1.43447 0.5192
threshold=9.8482919045051371 9.852404749846686 0.78248894990604889 0.55129982129340604 0.58406365887607381 2.9174053685313028 3.7726948748059121 2.9174053685313028 4340.0369003690039 3209.0384012539189 0.69529314019160282 3.3842466058243152 3.3842466058243152 0.56654061964520197 4.3502571242716384 5.0673293977687841 8293.0000000000018 -117.94646349999998 0.53670511536050036 3364.7215302491109 10664.688712706031 3386.6593979244949 142195.15759865855
decision_type=2 2 2 2 2 2 2 2 2 2 2 2 2 2 2 2 2 2 2 2 2 2 2
left_child=-1 2 3 5 6 -2 7 -5 13 -9 15 -12 -4 20 -13 18 -10 -8 -7 -15 -6 -19 -14
right_child=1 -3 12 4 8 10 17 9 16 -11 11 14 22 19 -16 -17 -18 21 -20 -21 -22 -23 -24
leaf_value=0.022452040934856261 0.020826450211598888 0.022437936196377191 0.022337948940639153 0.017428926603070764 0 -0.021498618401570423 0 -0.0013025229500604244 0.0055252708246905325 -0.017373027415086287 0.0298869518716188 -0.016558103216273039 -0.0071635450268377546 -0.011887991100972635 0.010538919493487172 0.00035667167389351047 -0.015842078841642501 0.017384459477045162 -0.016005057695490568 0.0027037709162786405 0.021016219542132224 0 0
leaf_weight=1542.0847495421767 14.968589335680006 1533.1545357629657 692.96972671896219 14.083561316132544 4.0207100808620444 3345.1928225383162 9.3070797994732839 48.490502282977104 5.0823692083358791 264.1264898404479 4.4029029831290236 27.299931697547436 4.0859570503234846 5.9128790646791449 4.7455939278006545 3.5120986104011527 15.335267990827559 33.964085102081299 142.65725610405207 10.084104746580122 88.273030385375023 4.2796422317624083 6.4536245167255402
leaf_count=14287 114 14244 6479 126 33 36281 72 407 36 2560 19 255 30 57 35 25 121 266 1381 85 780 35 47
internal_value=0.00107478 -0.00417162 -0.012776 -0.0188228 -0.00413342 -0.0208934 -0.00997923 -0.013413 0.0124513 -0.0150316 -0.0210935 -0.00371138 0.0218962 0.0168916 -0.0109871 -0.0212613 -0.00872057 0.0123948 -0.0212947 -0.00118884 0.0204083 0.0159945 -0.00288858
internal_weight=7824.49 6282.4 4749.25 4045.74 502.96 3542.78 374.251 326.701 128.708 312.617 3527.81 36.4484 703.509 108.291 32.0455 3491.36 20.4176 47.5508 3487.85 15.997 92.2937 38.2437 10.5396
internal_count=77775 63488 49244 42688 4578 38110 3466 3093 1112 2967 37996 309 6556 955 290 37687 157 373 37662 142 813 301 77
is_linear=0
shrinkage=0.02


Tree=80
num_leaves=14
num_cat=0
split_feature=29 29 49 23 18 48 25 50 18 18 50 50 48
split_gain=2467.42 4036.96 2756.98 41.1083 30.6101 12.9496 9.81085 29.4821 7.32946 92.5867 4.11306 1.02805 0.671348
threshold=0.89187507336605576 0.89625126321299919 0.78248894990604889 2.9174053685313028 28911.425448392558 0.70158417772348469 139638.11616541355 0.43342562237870674 4326.3207631714886 5279.2259844961245 0.80829553223106554 0.8844298220413086 0.71295792469693187
decision_type=2 2 2 2 2 2 2 2 2 2 2 2 2
left_child=-1 2 3 -2 -4 8 12 -8 10 -10 -5 -12 -7
right_child=1 -3 4 5 -6 6 7 -9 9 -11 11 -13 -14
leaf_value=0.022434287423798348 0.018715349161701866 0.022479935814309581 0.022282271502289858 -0.022003709771946427 -0.013960078165398227 -0.00055324741606003374 -0.016300541592085931 0.031315728974061298 0.04301882648397861 -0.021232627874120582 0 -0.010085130860225116 -0.018208659467011789
leaf_weight=1681.1162889078259 7.6341656371951094 1578.3415366634727 686.04796750098467 3588.1688800007105 6.8295102119445792 6.1544585004448917 10.824690468609335 6.5701007619500151 7.9412125051021567 74.364444181323051 5.9814082235097912 11.642049387097357 21.572070203721523
leaf_count=15749 46 14629 6528 39478 50 46 98 34 36 757 44 81 192
internal_value=0.00102534 -0.00495992 -0.0147428 -0.0215353 0.0218283 -0.0216382 -0.00879427 0.000996636 -0.0217797 -0.0136854 -0.0219457 -0.00705353 -0.0159362
internal_weight=7693.19 6012.07 4433.73 3740.85 692.877 3733.22 45.1213 17.3948 3688.1 82.3057 3605.79 17.6235 27.7265
internal_count=77768 62019 47390 40812 6578 40766 370 132 40396 793 39603 125 238
is_linear=0
shrinkage=0.02


Tree=81
num_leaves=13
num_cat=0
split_feature=29 29 49 18 24 48 50 25 18 18 50 50
split_gain=2412.45 3946.56 2694.83 30.1345 27.1195 15.1052 10.2752 28.8705 7.30672 89.7683 5.12878 0.83899
threshold=0.89187507336605576 0.89625126321299919 0.78248894990604889 28911.425448392558 1.0000000180025095e-35 0.70158417772348469 0.43342562237870674 103091.85083184585 4326.3207631714886 5279.2259844961245 0.80829553223106554 0.8844298220413086
decision_type=2 2 2 2 2 2 2 2 2 2 2 2
left_child=-1 2 4 -4 -2 8 -7 -8 10 -10 -6 -12
right_child=1 -3 3 -5 5 6 7 -9 9 -11 11 -13
leaf_value=0.022378559493125026 0.015423868249242087 0.022423059033861131 0.022227257112263216 -0.013845606786542258 -0.021932216940754656 -0.018352022711981785 -0.015721127280422062 0.024258297301697124 0.041800674958447949 -0.021158886406994197 0 -0.0091048770967022824
leaf_weight=1651.8951216712594 5.368432641029357 1550.9780892655253 674.11588756740093 6.7654370665550223 3527.0620125830173 19.425357088446617 16.022750757634643 10.054755970835684 8.0661730244755727 73.150318838655949 5.9814082235097912 11.839855045080183
leaf_count=15749 33 14629 6528 50 39486 185 134 55 36 757 44 82
internal_value=0.0010227 -0.00494642 -0.0147023 0.0217708 -0.0214752 -0.0215484 -0.00808601 0 -0.0217018 -0.0135709 -0.0218691 -0.00639934
internal_weight=7560.73 5908.83 4357.85 680.881 3676.97 3671.6 45.5029 26.0775 3626.1 81.2165 3544.88 17.8213
internal_count=77768 62019 47390 6578 40812 40779 374 189 40405 793 39612 126
is_linear=0
shrinkage=0.02


Tree=82
num_leaves=11
num_cat=0
split_feature=29 29 49 27 27 18 23 13 25 18
split_gain=2358.81 3858.31 2634.12 52.871 33.871 29.6699 21.7477 8.54045 11.0837 6.3472
threshold=0.89187507336605576 0.89625126321299919 0.78248894990604889 9.852404749846686 9.8482919045051371 28911.425448392558 2.9174053685313028 5170.4224310776954 103091.85083184585 4326.3207631714886
decision_type=2 2 2 2 2 2 2 2 2 2
left_child=-1 2 3 4 -2 -4 -6 9 -9 -8
right_child=1 -3 5 -5 6 -7 7 8 -10 -11
leaf_value=0.022324155931414236 0.016480172627395144 0.022367534127944167 0.022173493444152086 0.017857436171558917 0.015542063716510804 -0.013732049738763049 -0.022010486921730094 -0.019741133991709375 0 -0.013993804000351448
leaf_weight=1623.0964827537537 6.7931142896413794 1524.0075400844216 662.35834826529026 11.148171484470366 3.7056808173656455 6.7021338492631903 3459.2656171917915 26.420200295746326 25.324660539627075 81.484621301293373
leaf_count=15749 34 14629 6528 72 14 50 39425 263 192 812
internal_value=0.00102015 -0.004933 -0.0146621 -0.0214155 -0.021558 0.0217144 -0.02165 -0.0217082 -0.011117 -0.0218453
internal_weight=7430.31 5807.21 4283.2 3614.14 3602.99 669.06 3596.2 3592.5 51.7449 3540.75
internal_count=77768 62019 47390 40812 40740 6578 40706 40692 455 40237
is_linear=0
shrinkage=0.02


Tree=83
num_leaves=10
num_cat=0
split_feature=29 29 49 27 27 23 49 18 13
split_gain=2306.48 3772.35 2575.29 51.692 33.1901 21.383 19.6357 26.8617 9.05461
threshold=0.89187507336605576 0.89625126321299919 0.90428537381526175 9.852404749846686 9.8482919045051371 2.9174053685313028 0.74593229477041645 5279.2259844961245 5170.4224310776954
decision_type=2 2 2 2 2 2 2 2 2
left_child=-1 2 3 4 -2 -6 8 -8 -7
right_child=1 -3 -4 -5 5 6 7 -9 -10
leaf_value=0.02227103782248192 0.016326085666810455 0.022313320846122375 0.02211890691529661 0.01772492622891508 0.015365711649400555 -0.021838130745462654 0.020148212843950901 -0.018405560563962184 -0.010807871701582461
leaf_weight=1594.7181605920196 6.73950071632862 1497.4279575049877 643.56807997077703 11.023096628487108 3.6962947100400916 3467.8917598128319 9.6184902340173739 16.18450602889061 50.541511066257954
leaf_count=15749 34 14629 6457 72 14 40143 80 141 449
internal_value=0.00101784 -0.00492002 -0.0146237 -0.0212752 -0.0214173 -0.0215094 -0.0215678 -0.00217977 -0.0216973
internal_weight=7301.41 5706.69 4209.26 3565.7 3554.67 3547.93 3544.24 25.803 3518.43
internal_count=77768 62019 47390 40933 40861 40827 40813 221 40592
is_linear=0
shrinkage=0.02


Tree=84
num_leaves=10
num_cat=0
split_feature=29 29 49 27 27 23 49 18 13
split_gain=2255.32 3688.34 2517.91 50.7511 32.6616 21.1126 19.3397 26.2409 9.18319
threshold=0.89187507336605576 0.89625126321299919 0.90428537381526175 9.852404749846686 9.8482919045051371 2.9174053685313028 0.74593229477041645 5279.2259844961245 5170.4224310776954
decision_type=2 2 2 2 2 2 2 2 2
left_child=-1 2 3 4 -2 -6 8 -8 -7
right_child=1 -3 -4 -5 5 6 7 -9 -10
leaf_value=0.022219168362082469 0.016174008873797063 0.022260381695492448 0.022067526969232754 0.017593712449658429 0.015192347694039463 -0.02178694840211913 0.020001783022607349 -0.018297742655193849 -0.010678290244549193
leaf_weight=1566.7576277032495 6.6861550211906424 1471.2371590957046 632.28317330777645 10.89936377853155 3.686624363064765 3407.1329019218683 9.5108548179268855 15.968237578868864 50.159873344004154
leaf_count=15749 34 14629 6457 72 14 40143 80 141 449
internal_value=0.00101613 -0.00490669 -0.0145854 -0.0212194 -0.021362 -0.0214547 -0.0215136 -0.00213037 -0.0216436
internal_weight=7174.32 5607.56 4136.33 3504.04 3493.14 3486.46 3482.77 25.4791 3457.29
internal_count=77768 62019 47390 40933 40861 40827 40813 221 40592
is_linear=0
shrinkage=0.02


Tree=85
num_leaves=10
num_cat=0
split_feature=29 29 49 27 23 27 49 18 13
split_gain=2211.88 3621.19 2440.51 49.3737 35.1455 21.1254 16.2125 24.4226 6.41839
threshold=0.89187507336605576 0.89625126321299919 0.90428537381526175 9.852404749846686 2.9174053685313028 9.8482919045051371 0.74593229477041645 5279.2259844961245 5166.4061403508776
decision_type=2 2 2 2 2 2 2 2 2
left_child=-1 2 3 4 -2 -6 8 -8 -7
right_child=1 -3 -4 -5 5 6 7 -9 -10
leaf_value=0.02216682267258897 0.018832767029264296 0.022211962414540043 0.022015237917995614 0.017547083015348804 0.012832715426265557 -0.021742293886840246 0.019703197881234771 -0.018202461419309864 -0.012175770669878022
leaf_weight=1537.4211252257228 6.2044647932052603 1444.7503319308162 614.12782453745604 10.588784195482729 4.5119467824697486 3344.1752943843603 8.5281259045004862 15.829309567809103 56.106172904372215
leaf_count=15734 30 14613 6385 68 21 40107 71 142 522
internal_value=0.000968777 -0.00495018 -0.0146317 -0.0211834 -0.0213245 -0.0214198 -0.0214841 -0.00292515 -0.0216034
internal_weight=7042.24 5504.82 4060.07 3445.94 3435.36 3429.15 3424.64 24.3574 3400.28
internal_count=77693 61959 47346 40961 40893 40863 40842 213 40629
is_linear=0
shrinkage=0.02


Tree=86
num_leaves=10
num_cat=0
split_feature=29 29 18 23 27 23 27 50 13
split_gain=2163.02 3540.86 2161.46 345.21 49.0641 34.9789 19.6661 7.65859 6.16644
threshold=0.89187507336605576 0.89625126321299919 4326.3207631714886 3.3842466058243152 9.852404749846686 2.9174053685313028 9.8482919045051371 0.95617503606128884 5170.4224310776954
decision_type=2 2 2 2 2 2 2 2 2
left_child=-1 2 4 -4 5 -2 -7 8 -8
right_child=1 -3 3 -5 -6 6 7 -9 -10
leaf_value=0.022117372789772955 0.018633564563863537 0.022161392181887746 0.022448351965504626 -0.021184386131670774 0.017414942024310848 0.012020723004471656 -0.02184055632079044 0 -0.011558972392125713
leaf_weight=1510.3179961591959 6.1671350374817839 1419.3459143787622 616.59261481463909 79.634287424385548 10.472099244594572 4.2397849410772315 3220.9333909749985 3.9671814292669287 47.407290205359459
leaf_count=15734 30 14613 6478 862 68 20 39429 22 437
internal_value=0.000967296 -0.00493716 -0.0145945 0.017354 -0.0213675 -0.0215139 -0.021613 -0.0216761 -0.0217108
internal_weight=6919.08 5408.76 3989.41 696.227 3293.19 3282.71 3276.55 3272.31 3268.34
internal_count=77693 61959 47346 7340 40006 39938 39908 39888 39866
is_linear=0
shrinkage=0.02


Tree=87
num_leaves=24
num_cat=0
split_feature=27 27 49 46 25 23 50 23 17 23 18 23 23 18 23 13 23 22 40 23 40 25 18
split_gain=1840.59 3009.2 2074.52 250.794 106.556 60.0319 59.3166 40.5481 29.7434 28.6719 25.0538 72.8153 19.2628 15.6008 14.1828 5.02457 12.5474 4.54518 3.20726 2.62272 2.0214 1.59974 0.542364
threshold=9.8482919045051371 9.852404749846686 0.78248894990604889 0.54918146497312625 159969.38312817307 2.9174053685313028 0.69707100705872727 2.9174053685313028 3209.0384012539189 3.8176519431297078 4326.2421862086785 3.3842466058243152 3.3842466058243152 4325.3597611053729 4.3372693810700085 5170.4224310776954 3.0677824455408698 1164.0000000000002 4490.095701125897 4.3502571242716384 3006.655604470031 559890.74153279106 28921.19460478608
decision_type=2 2 2 2 2 2 2 2 2 2 2 2 2 2 2 2 2 2 2 2 2 2 2
left_child=-1 2 3 5 6 -2 7 -5 -9 -8 15 -12 -4 17 -13 21 -17 -6 -15 -20 -19 -7 -14
right_child=1 -3 12 4 13 10 9 8 -10 -11 11 14 22 18 -16 16 -18 20 19 -21 -22 -23 -24
leaf_value=0.022039355497381209 0.019439913437600556 0.022028784292510473 0.021919310298574152 0.017296294203746756 0 -0.021148254499803936 0.022113695018728178 0 -0.016758701764892067 -0.011962229885753066 0.042970100392095228 -0.018829277654974632 -0.0069786205852503677 0.010910882260398594 0.0081499699777691746 -0.018802240762599298 0.0016442836945388109 0 -0.010068567456063368 0.0013184455941616395 0.020080146912928906 0 0
leaf_weight=1331.3849454075098 12.458807379007338 1325.5257578417659 598.90383873134851 14.498825989663599 5.3809225708246222 2939.0159206539392 30.410549357533455 47.187592469155788 265.67722763121128 11.029857866466044 7.5951649248599997 56.564589031040668 4.2162582054734212 5.327406249940398 5.6252465471625319 25.941207587718964 14.784846737980841 3.2178119122982016 12.252999424934389 6.4973985850810996 65.350136905908585 3.0223324298858634 5.3850089609622955
leaf_count=14207 105 14184 6453 147 47 36692 294 442 2921 90 35 642 34 50 45 271 119 29 123 58 632 30 43
internal_value=0.000965767 -0.00416624 -0.0125688 -0.0184513 -0.00466042 -0.0205344 -0.00964799 -0.0125647 -0.0141767 0.01199 -0.0207233 -0.00763778 0.0214574 0.013522 -0.0155879 -0.0210107 -0.0107138 0.0179716 0 -0.0044483 0.0193227 -0.0211323 -0.0027194
internal_weight=6797.25 5465.87 4140.34 3531.84 466.831 3065.01 368.804 327.364 312.865 41.4404 3052.55 69.785 608.505 98.0267 62.1898 2982.76 40.7261 73.9489 24.0778 18.7504 68.5679 2942.04 9.60127
internal_count=77693 63486 49302 42772 4833 37939 3894 3510 3363 384 37834 722 6530 939 687 37112 390 708 231 181 661 36722 77
is_linear=0
shrinkage=0.02


Tree=88
num_leaves=19
num_cat=0
split_feature=27 27 49 45 15 17 23 17 15 25 23 18 23 23 13 50 26 18
split_gain=1799.81 2940.54 2025.55 248.49 89.7875 94.0699 69.0044 49.6963 70.0866 29.0318 22.7384 19.2812 76.5721 19.1016 9.80794 9.37343 5.01066 0.531669
threshold=9.8482919045051371 9.852404749846686 0.78248894990604889 0.56226156417902551 3718.0588351443653 3546.2292874955469 2.9174053685313028 3209.0384012539189 3239.3945305955663 150816.99544944629 5.0845003501084243 4326.3207631714886 3.3842466058243152 3.3842466058243152 5170.4224310776954 0.95617503606128884 39.715954875100728 28921.19460478608
decision_type=2 2 2 2 2 2 2 2 2 2 2 2 2 2 2 2 2 2
left_child=-1 2 3 6 5 7 -2 8 -5 -9 11 14 -13 -4 -8 16 -6 -15
right_child=1 -3 13 4 15 -7 10 9 -10 -11 -12 12 -14 17 -16 -17 -18 -19
leaf_value=0.021992619435385597 0.020106103499501007 0.02198224327694057 0.021872308055899858 -0.017356676753258627 0 0.021537443871677834 -0.02105962633458066 -0.015522794632739605 0.020911034792843348 0.0051772615453604546 0.01102869706297911 0.042179257523484996 -0.017351695642634439 -0.0069033620476191002 -0.0088614311846427329 0.002108755992237222 -0.020621835576860523 0
leaf_weight=1307.7713712751865 14.283053025603293 1302.0059835538268 588.29784735292196 26.081136018037796 3.3112646937370291 71.994545973837376 2929.2012122347951 121.08848144859076 54.79640506953001 30.32086456567049 6.2845556959509841 7.9344010129570952 56.44345697760582 4.1989568099379522 42.120248891413212 4.456170789897441 107.9991517663002 5.3850089609622955
leaf_count=14207 121 14184 6453 283 28 647 37122 1331 532 277 56 36 644 34 395 27 1273 43
internal_value=0.000963959 -0.00415014 -0.0125179 -0.0183725 -0.00381049 0.00179765 -0.020357 -0.00428136 0.00796689 -0.0111033 -0.0205733 -0.0206591 -0.00836224 0.0214046 -0.0209062 -0.0186708 -0.0198782 -0.00267277
internal_weight=6683.97 5376.2 4074.2 3476.31 420.048 304.281 3056.27 232.287 80.8775 151.409 3041.98 3035.7 64.3779 597.882 2971.32 115.767 111.31 9.58397
internal_count=77693 63486 49302 42772 4398 3070 38374 2423 815 1608 38253 38197 680 6530 37517 1328 1301 77
is_linear=0
shrinkage=0.02


Tree=89
num_leaves=24
num_cat=0
split_feature=27 27 49 46 50 23 23 23 18 23 17 46 23 23 48 50 3 48 4 14 45 45 18
split_gain=1760.11 2873.99 1978.3 244.657 95.3614 62.9812 57.6723 33.4792 24.8446 68.1414 24.5974 22.8013 18.9438 13.7843 12.0202 8.75634 5.58482 4.54031 10.8125 2.49468 1.38848 1.16678 0.521184
threshold=9.8482919045051371 9.852404749846686 0.78248894990604889 0.54918146497312625 0.58406365887607381 3.7726948748059121 2.9174053685313028 2.9174053685313028 4326.2421862086785 3.3842466058243152 3209.0384012539189 0.71448505404033413 3.3842466058243152 4.3372693810700085 0.39353453692808177 0.69707100705872727 -117.94646349999998 0.70158417772348469 41.870305000000009 17917.658145621052 0.51396520705577242 0.5388550359437726 28921.19460478608
decision_type=2 2 2 2 2 2 2 2 2 2 2 2 2 2 2 2 2 2 2 2 2 2 2
left_child=-1 2 3 6 5 7 -2 -5 17 -10 -9 14 -4 -11 -6 -16 -7 21 -19 -13 -18 -8 -14
right_child=1 -3 12 4 11 16 8 10 9 13 -12 19 22 -15 15 -17 20 18 -20 -21 -22 -23 -24
leaf_value=0.021946944914463119 0.019164816733012173 0.021936759663282925 0.021826317102853657 0.016336232726952563 -0.0018851185814041877 0 -0.021159524781936674 0 0.040973582646291841 -0.018636493651678493 -0.016964197372593443 0 -0.0068288260135293847 0.008013736834803397 0.0012596539053999231 0.02080388636152565 0 -0.017962824793990362 0.005342801902096914 -0.014270097448378529 0.016430139999504045 -0.015951840915883121 0
leaf_weight=1284.5208355486393 12.156768567860125 1278.8481784015894 577.85581644624472 11.956530034542082 10.06225101649761 8.8986073732376081 2743.9406712651253 43.70611422508955 7.743887022137641 55.04458973556757 246.27920351922512 6.3367243632674208 4.1818948164582235 5.585835561156272 16.001132003962994 68.552442342042923 3.5095349401235572 16.357860296964649 9.2008076384663564 9.3401145637035352 31.755079813301563 114.16644336283207 5.3850089609622955
leaf_count=14207 105 14184 6453 124 100 77 35523 413 35 642 2798 55 34 45 160 708 32 170 67 82 284 1352 43
internal_value=0.000961958 -0.00413546 -0.0124712 -0.0183005 -0.00453258 -0.00974756 -0.0204024 -0.013073 -0.0205918 -0.0074328 -0.0145262 0.0113582 0.0213526 -0.0153651 0.0151911 0.017682 0.0117033 -0.0208845 -0.00834276 -0.00861315 0.0151533 -0.0209768 -0.00262669
internal_weight=6571.39 5286.87 4008.02 3420.59 456.398 346.105 2964.2 301.942 2952.04 68.3743 289.985 110.293 587.423 60.6304 94.6158 84.5536 44.1632 2883.67 25.5587 15.6768 35.2646 2858.11 9.5669
internal_count=77693 63486 49302 42772 4833 3728 37939 3335 37834 722 3211 1105 6530 687 968 868 393 37112 237 137 316 36875 77
is_linear=0
shrinkage=0.02


Tree=90
num_leaves=10
num_cat=0
split_feature=29 29 49 27 27 49 23 23 48
split_gain=1988.93 3252.76 2200.69 42.1397 24.4502 18.3908 23.5255 17.8641 7.4819
threshold=0.89187507336605576 0.89625126321299919 0.90428537381526175 9.852404749846686 9.8482919045051371 0.74593229477041645 3.3842466058243152 2.9174053685313028 0.70158417772348469
decision_type=2 2 2 2 2 2 2 2 2
left_child=-1 2 3 4 -2 7 -7 -6 -9
right_child=1 -3 -4 -5 5 6 -8 8 -10
leaf_value=0.021945148416723997 0.013672234112167843 0.022000519046285555 0.021780077627598562 0.016388869801692237 0.013122607941920432 0.019411887310019613 -0.017752095224539317 -0.021480588915876939 -0.0096371095203016642
leaf_weight=1415.1033628061414 5.4209124743938437 1326.6818741038442 566.40118359029293 9.4802460819482786 3.3507348746061316 9.1206225678324699 14.779475018382072 3082.2258665710688 38.526068769395351
leaf_count=15802 30 14597 6442 67 13 81 139 40263 353
internal_value=0.000998957 -0.00486205 -0.0144357 -0.0209434 -0.0210786 -0.0211598 -0.00162156 -0.0212953 -0.0213535
internal_weight=6471.09 5055.99 3729.31 3162.9 3153.42 3148 23.9001 3124.1 3120.75
internal_count=77787 61985 47388 40946 40879 40849 220 40629 40616
is_linear=0
shrinkage=0.02


Tree=91
num_leaves=10
num_cat=0
split_feature=29 29 49 27 27 49 18 23 48
split_gain=1945.39 3181.17 2152.18 41.4119 24.1048 18.1238 22.9812 17.6625 7.58769
threshold=0.89187507336605576 0.89625126321299919 0.90428537381526175 9.852404749846686 9.8482919045051371 0.74593229477041645 5279.2259844961245 2.9174053685313028 0.70158417772348469
decision_type=2 2 2 2 2 2 2 2 2
left_child=-1 2 3 4 -2 7 -7 -6 -9
right_child=1 -3 -4 -5 5 6 -8 8 -10
leaf_value=0.021900841416613408 0.01354642594748939 0.021954894608903965 0.021736036608417657 0.016266246064838546 0.012982589874231098 0.019266046147459439 -0.017647755353787421 -0.021434877581684785 -0.009515841597742691
leaf_weight=1389.8644169420004 5.38081120699644 1303.0911661908031 556.3033025637269 9.3767993524670583 3.3408054858446112 9.0220057293772715 14.583319932222365 3027.5760919228196 38.264831654727459
leaf_count=15802 30 14597 6442 67 13 81 139 40263 353
internal_value=0.000997635 -0.00484998 -0.0144011 -0.020893 -0.0210288 -0.0211106 -0.0015742 -0.0212467 -0.0213055
internal_weight=6356.8 4966.94 3663.85 3107.54 3098.17 3092.79 23.6053 3069.18 3065.84
internal_count=77787 61985 47388 40946 40879 40849 220 40629 40616
is_linear=0
shrinkage=0.02


Tree=92
num_leaves=10
num_cat=0
split_feature=29 29 49 27 27 49 23 23 48
split_gain=1902.88 3111.25 2104.8 40.7001 23.7666 17.8623 22.4498 17.4646 7.69296
threshold=0.89187507336605576 0.89625126321299919 0.90428537381526175 9.852404749846686 9.8482919045051371 0.74593229477041645 3.3842466058243152 2.9174053685313028 0.70158417772348469
decision_type=2 2 2 2 2 2 2 2 2
left_child=-1 2 3 4 -2 7 -7 -6 -9
right_child=1 -3 -4 -5 5 6 -8 8 -10
leaf_value=0.021857530911166625 0.013421957513574943 0.021910293395813393 0.021692919003089398 0.016144606191157259 0.012844596117459188 0.019120916613754348 -0.017544008812786865 -0.021389941520554873 -0.0093955437484031252
leaf_weight=1365.0195352062583 5.3410443291068068 1279.8662032485008 546.364640802145 9.2745981588959676 3.330750808119773 8.9248342216014862 14.389942295849323 2973.8020669743419 38.007879197597504
leaf_count=15802 30 14597 6442 67 13 81 139 40263 353
internal_value=0.000996364 -0.00483807 -0.0143671 -0.0208433 -0.0209797 -0.0210621 -0.00152687 -0.0211988 -0.0212582
internal_weight=6244.32 4879.3 3599.44 3053.07 3043.8 3038.46 23.3148 3015.14 3011.81
internal_count=77787 61985 47388 40946 40879 40849 220 40629 40616
is_linear=0
shrinkage=0.02


Tree=93
num_leaves=24
num_cat=0
split_feature=27 27 18 46 18 50 25 24 17 17 15 25 24 24 17 25 46 13 46 3 25 13 15
split_gain=1606.87 2616.78 1675.51 246.148 234.658 106.78 50.7717 31.0093 27.6577 27.3466 42.4377 16.8848 11.2509 8.40209 7.99063 6.12916 4.18751 3.85592 5.80542 3.50519 3.44685 2.95078 2.06989
threshold=9.8482919045051371 9.852404749846686 4326.3207631714886 0.55088505817235056 28911.425448392558 0.53430002385739706 150816.99544944629 1.0000000180025095e-35 4340.0369003690039 3209.0384012539189 3364.7215302491109 270169.3832209009 1.0000000180025095e-35 1.5000000000000002 4507.2698110913479 592977.9833333334 0.56908101496106467 5170.4224310776954 0.52338206751882399 -117.94646349999998 1.0000000180025095e-35 3554.8957739295734 3385.9156602254434
decision_type=2 2 2 2 2 2 2 2 2 2 2 2 2 2 2 2 2 2 2 2 2 2 2
left_child=-1 2 3 7 13 6 9 -2 16 10 -5 -6 -11 -4 -10 17 -7 -9 -19 -8 -18 -13 -21
right_child=1 -3 4 5 11 8 19 15 14 12 -12 21 -14 -15 -16 -17 20 18 -20 22 -22 -23 -24
leaf_value=0.021775327030296117 0.014839484587866863 0.021763409375830659 0.022157283590975015 -0.018426103125174637 -0.016786338251711157 0 0 -0.020740597942873855 -0.014809440501113064 0.0087635407971863501 0.019224975133239994 0.012918780940376715 -0.016351008934849535 -0.001649640191677302 0.011026279435835673 0 0 -0.015917770297244435 0 0 0.0214523377789161 -0.0014160676991145551 0.015329940971291938
leaf_weight=1196.410118252039 7.2794562652707091 1189.9905540719628 550.62365183234215 20.334963515400887 73.817669555544853 3.2650039866566649 7.1064327061176291 2666.436585702002 13.003071971237661 4.0970518812537184 23.499241724610329 8.1609908640384656 210.73846845328808 2.5694080665707579 3.6153407692909232 5.1837320253252974 3.0689059644937506 22.965137630701065 12.698486171662806 5.3391413763165465 72.447840958833694 3.2163585871458045 27.758945472538471
leaf_count=14224 73 14192 6548 228 870 32 63 36905 121 43 217 73 2556 29 24 44 30 269 101 49 803 30 263
internal_value=0.000995144 -0.00403909 -0.012251 -0.0183166 0.01719 -0.00340802 -0.00936605 -0.0204632 0.0146559 -0.0126842 0.000843823 -0.0131753 -0.0156112 0.0219691 -0.00645978 -0.0205837 0.0196549 -0.0206254 -0.0103099 0.0106239 0.020596 0.00627037 0.013254
internal_weight=6133.63 4937.22 3747.23 3108.84 638.388 394.274 298.874 2714.56 95.4002 258.67 43.8342 85.195 214.836 553.193 16.6184 2707.28 78.7818 2702.1 35.6636 40.2045 75.5167 11.3773 33.0981
internal_count=77787 63563 49371 41821 7550 4429 3419 37392 1010 3044 445 973 2599 6577 145 37319 865 37275 370 375 833 103 312
is_linear=0
shrinkage=0.02


Tree=94
num_leaves=13
num_cat=0
split_feature=29 29 49 23 49 23 48 25 18 2 18 49
split_gain=1823.29 2983.83 2013.39 30.0675 17.0251 21.4104 12.6518 9.18209 16.0284 4.17278 2.17564 0.227386
threshold=0.89187507336605576 0.89625126321299919 0.90428537381526175 2.9174053685313028 0.74593229477041645 3.3842466058243152 0.70158417772348469 139638.11616541355 3887.203204480023 7692.1797862955054 4326.3207631714886 0.3811965881255473
decision_type=2 2 2 2 2 2 2 2 2 2 2 2
left_child=-1 2 3 -2 6 -6 9 11 -9 -5 -11 -8
right_child=1 -3 -4 4 5 -7 7 8 -10 10 -12 -13
leaf_value=0.021778932401582681 0.016082027372601174 0.021833579761646828 0.021608387897685735 -0.021204126532430517 0.018808675249580402 -0.017350126546813286 0 0.021449481919453596 -0.01329654455253074 -0.010614208304268138 0.0033041189795904348 -0.01679455834421828
leaf_weight=1317.5258987694979 6.2529808208346358 1236.3275623321533 526.73516045510769 2871.7036165520549 8.7189905866980553 14.032195664942265 3.5132660716772106 7.990305848419669 8.6033113151788694 5.4742202311754209 3.8372520431876183 19.47811246663332
leaf_count=15802 42 14597 6442 40205 81 139 36 54 87 74 35 193
internal_value=0.000992838 -0.00481665 -0.0143132 -0.0207518 -0.0208545 -0.00147672 -0.0209907 -0.0075236 0.00179091 -0.0211565 -0.00177218 -0.0154521
internal_weight=6030.19 4712.67 3476.34 2949.6 2943.35 22.7512 2920.6 39.585 16.5936 2881.02 9.31147 22.9914
internal_count=77787 61985 47388 40946 40904 220 40684 370 141 40314 109 229
is_linear=0
shrinkage=0.02


Tree=95
num_leaves=11
num_cat=0
split_feature=29 29 49 27 27 49 18 13 50 50
split_gain=1783.16 2930.01 1950.12 41.8793 24.2281 17.6443 48.5796 12.5014 9.15249 5.67803
threshold=0.89187507336605576 0.89625126321299919 0.90428537381526175 9.852404749846686 9.8482919045051371 0.69529314019160282 5279.2259844961245 5171.3622807017555 0.43314367218791633 0.85321880095028524
decision_type=2 2 2 2 2 2 2 2 2 2
left_child=-1 2 3 4 -2 7 -7 9 -9 -6
right_child=1 -3 -4 -5 5 6 -8 8 -10 -11
leaf_value=0.021741980307936247 0.013426265520926704 0.0217892962875244 0.021565810226598488 0.016332320943834723 -0.0213568268361553 0.025643983044173625 -0.019635968291001386 -0.017370773908034303 0.0013475808064088715 -0.0037418919865501942
leaf_weight=1296.6163487657905 5.5512346178293219 1218.9435479938984 511.79571028798819 9.5875515267252904 2786.9277009293437 10.940539576113222 30.62993910163641 14.835537031292914 18.070626258850098 13.810127854347227
leaf_count=15824 33 14662 6375 70 39902 91 352 161 120 114
internal_value=0.00102927 -0.00478068 -0.0143193 -0.0206978 -0.0208462 -0.0209356 -0.006171 -0.0211335 -0.0064573 -0.021287
internal_weight=5917.71 4621.09 3402.15 2890.35 2880.77 2875.21 41.5705 2833.64 32.9062 2800.74
internal_count=77704 61880 47218 40843 40773 40740 443 40297 281 40016
is_linear=0
shrinkage=0.02


Tree=96
num_leaves=10
num_cat=0
split_feature=29 29 49 27 23 27 49 18 13
split_gain=1744.49 2866.1 1907.51 41.1616 24.423 18.8086 17.5965 47.4736 7.47913
threshold=0.89187507336605576 0.89625126321299919 0.90428537381526175 9.852404749846686 2.9174053685313028 9.8482919045051371 0.69529314019160282 5279.2259844961245 5166.4061403508776
decision_type=2 2 2 2 2 2 2 2 2
left_child=-1 2 3 4 -2 -6 8 -8 -7
right_child=1 -3 -4 -5 5 6 7 -9 -10
leaf_value=0.021702227998964693 0.01512966443764888 0.021748400862833552 0.021526124062574929 0.016211661632759635 0.011632544948304012 -0.021325309681479009 0.025425774328226375 -0.019557225383070649 -0.010804430967617398
leaf_weight=1273.2498565390706 4.9317166358232489 1197.0346923992038 502.58071031421423 9.4816840291023237 4.3446905463933936 2730.2450984790921 10.832005023956297 30.151068016886711 49.337119244039059
leaf_count=15824 26 14662 6375 70 22 39768 91 352 514
internal_value=0.00102786 -0.00476985 -0.0142877 -0.0206518 -0.0208008 -0.0208883 -0.0209608 -0.00610757 -0.0211608
internal_weight=5812.19 4538.94 3341.9 2839.32 2829.84 2824.91 2820.57 40.9831 2779.58
internal_count=77704 61880 47218 40843 40773 40747 40725 443 40282
is_linear=0
shrinkage=0.02


Tree=97
num_leaves=10
num_cat=0
split_feature=29 29 49 27 23 27 49 18 13
split_gain=1706.68 2803.63 1865.87 40.4596 24.0861 18.5802 17.3556 46.3938 7.6126
threshold=0.89187507336605576 0.89625126321299919 0.90428537381526175 9.852404749846686 2.9174053685313028 9.8482919045051371 0.69529314019160282 5279.2259844961245 5166.4061403508776
decision_type=2 2 2 2 2 2 2 2 2
left_child=-1 2 3 4 -2 -6 8 -8 -7
right_child=1 -3 -4 -5 5 6 7 -9 -10
leaf_value=0.021663344849876611 0.014978838325988451 0.02170839714497869 0.021487232583874673 0.016091929734394234 0.011522184338174271 -0.021285842048298292 0.025208662838287765 -0.019478943019231219 -0.01067954438546936
leaf_weight=1250.2589573264122 4.9021844863891593 1175.4759392589331 493.51522994786501 9.3771230950951558 4.3180037587881079 2681.0985920354724 10.72509506344795 29.679575823247433 48.943163752555847
leaf_count=15824 26 14662 6375 70 22 39768 91 352 514
internal_value=0.00102681 -0.00475887 -0.0142564 -0.0206063 -0.020756 -0.0208442 -0.0209174 -0.00604419 -0.0211183
internal_weight=5708.29 4458.03 3282.56 2789.04 2779.67 2774.76 2770.45 40.4047 2730.04
internal_count=77704 61880 47218 40843 40773 40747 40725 443 40282
is_linear=0
shrinkage=0.02


Tree=98
num_leaves=11
num_cat=0
split_feature=29 29 18 23 27 23 27 48 25 50
split_gain=1669.74 2742.6 1660.09 281.206 40.3756 24.1172 18.6584 9.43525 7.70004 1.41751
threshold=0.89187507336605576 0.89625126321299919 4326.3207631714886 3.3842466058243152 9.852404749846686 2.9174053685313028 9.8482919045051371 0.70158417772348469 103091.85083184585 0.96110080553885113
decision_type=2 2 2 2 2 2 2 2 2 2
left_child=-1 2 4 -4 5 -2 -7 9 -9 -8
right_child=1 -3 3 -5 -6 6 7 8 -10 -11
leaf_value=0.021625306455158005 0.014829963412487846 0.02166926067366377 0.022035547733480973 -0.020727246452074306 0.015973098946758611 0.011412999850657446 -0.021335811462790077 -0.017473511905794312 0 0
leaf_weight=1227.6396393626928 4.8727431520819655 1154.2635898888111 498.13856916129589 67.583218537271023 9.2738657742738706 4.2915270775556555 2605.6752425655723 14.546885192394255 17.654237844049931 2.1541076451539984
leaf_count=15824 26 14662 6480 876 70 22 39421 152 157 14
internal_value=0.00102581 -0.00474803 -0.0142254 0.0168015 -0.0208506 -0.0210066 -0.0210989 -0.0211755 -0.00759362 -0.0213219
internal_weight=5606.09 4378.45 3224.19 565.722 2658.47 2649.19 2644.32 2640.03 32.2011 2607.83
internal_count=77704 61880 47218 7356 39862 39792 39766 39744 309 39435
is_linear=0
shrinkage=0.02


Tree=99
num_leaves=10
num_cat=0
split_feature=29 29 49 27 23 27 49 25 13
split_gain=1633.73 2683.25 1784.58 39.1012 23.4324 18.1365 16.9738 23.934 7.94168
threshold=0.89187507336605576 0.89625126321299919 0.90428537381526175 9.852404749846686 2.9174053685313028 9.8482919045051371 0.69529314019160282 99537.154152274554 5166.4061403508776
decision_type=2 2 2 2 2 2 2 2 2
left_child=-1 2 3 4 -2 -6 8 -8 -7
right_child=1 -3 -4 -5 5 6 7 -9 -10
leaf_value=0.021588089683723114 0.014682993532298022 0.021630968242201707 0.021410727575024078 0.015855146040527603 0.011304969680823252 -0.021209475281131863 0.010945870927558388 -0.018641872987396727 -0.010387102134360877
leaf_weight=1205.3877921923995 4.8434017449617377 1133.3939272388816 475.58811873197556 9.1719075515866262 4.2652630805969229 2585.2502330094576 15.693288050591944 23.562322117388248 47.97149646282196
leaf_count=15824 26 14662 6375 70 22 39768 154 289 514
internal_value=0.00102461 -0.0047382 -0.0141974 -0.0205171 -0.0206682 -0.020758 -0.0208325 -0.00588674 -0.0210355
internal_weight=5505.13 4299.74 3166.35 2690.76 2681.59 2676.74 2672.48 39.2556 2633.22
internal_count=77704 61880 47218 40843 40773 40747 40725 443 40282
is_linear=0
shrinkage=0.02


Tree=100
num_leaves=10
num_cat=0
split_feature=29 29 49 27 23 27 18 18 48
split_gain=1599.55 2594.11 1752.42 37.9094 25.6829 17.7569 15.069 88.9463 12.241
threshold=0.89187507336605576 0.89625126321299919 0.90428537381526175 9.852404749846686 2.9174053685313028 9.8482919045051371 5277.3466680761112 5279.2259844961245 0.70158417772348469
decision_type=2 2 2 2 2 2 2 2 2
left_child=-1 2 3 4 -2 -6 8 -8 -7
right_child=1 -3 -4 -5 5 6 7 -9 -10
leaf_value=0.021549041763726597 0.015754396029994584 0.021592590581888525 0.021375041343760209 0.015642402886693905 0.011260345559700846 -0.021230740841088429 0.033292923820306894 -0.020583414779409261 -0.0058981598695875253
leaf_weight=1187.3963318318129 5.1455016657710066 1102.3745948821306 469.85750837624073 8.9761420115828496 4.1541184931993476 2505.5767603777349 12.747206598520277 63.666112266480923 30.170330300927162
leaf_count=15892 26 14528 6415 70 21 39287 102 851 291
internal_value=0.00106603 -0.0047191 -0.0140956 -0.0204581 -0.0206088 -0.0207075 -0.0207822 -0.0104658 -0.0210689
internal_weight=5390.06 4202.67 3100.29 2630.44 2621.46 2616.31 2612.16 76.4133 2535.75
internal_count=77483 61591 47063 40648 40578 40552 40531 953 39578
is_linear=0
shrinkage=0.02


Tree=101
num_leaves=10
num_cat=0
split_feature=29 29 49 27 23 27 18 18 48
split_gain=1565.08 2537.91 1714.41 37.2794 25.3227 17.5502 14.8745 86.8826 12.3059
threshold=0.89187507336605576 0.89625126321299919 0.90428537381526175 9.852404749846686 2.9174053685313028 9.8482919045051371 5277.3466680761112 5279.2259844961245 0.70158417772348469
decision_type=2 2 2 2 2 2 2 2 2
left_child=-1 2 3 4 -2 -6 8 -8 -7
right_child=1 -3 -4 -5 5 6 7 -9 -10
leaf_value=0.021513467112901283 0.01559492770504148 0.021555913358842244 0.021339140365774313 0.015526720642659681 0.011153087997183632 -0.021194955026408047 0.032940712907646337 -0.02052572169048902 -0.0058106125244957339
leaf_weight=1165.792864523828 5.1149153858423224 1082.3695656806231 461.32409643381834 8.8780487701296789 4.1296672523021689 2460.0714988000691 12.648219019174574 62.584652360528708 30.043820589780807
leaf_count=15892 26 14528 6415 70 21 39287 102 851 291
internal_value=0.0010652 -0.00470872 -0.0140665 -0.0204159 -0.0205673 -0.0206669 -0.0207423 -0.0103987 -0.0210302
internal_weight=5292.96 4127.16 3044.79 2583.47 2574.59 2569.48 2565.35 75.2329 2490.12
internal_count=77483 61591 47063 40648 40578 40552 40531 953 39578
is_linear=0
shrinkage=0.02


Tree=102
num_leaves=10
num_cat=0
split_feature=29 29 49 27 23 27 18 18 48
split_gain=1531.4 2482.99 1677.27 36.6628 24.9697 17.3474 14.6838 84.8689 12.3702
threshold=0.89187507336605576 0.89625126321299919 0.90428537381526175 9.852404749846686 2.9174053685313028 9.8482919045051371 5277.3466680761112 5279.2259844961245 0.70158417772348469
decision_type=2 2 2 2 2 2 2 2 2
left_child=-1 2 3 4 -2 -6 8 -8 -7
right_child=1 -3 -4 -5 5 6 7 -9 -10
leaf_value=0.021478647659356202 0.015437657619065058 0.021520011994311729 0.021303922791929743 0.015411834410985807 0.011046969723676324 -0.021159775051795667 0.03259057439974844 -0.020468529156093391 -0.005724087561150417
leaf_weight=1144.5456982031465 5.0843656286597243 1062.6926720738411 452.93254292756319 8.7812300547957403 4.1054074466228476 2415.3309119231999 12.550895459949968 61.52061677351594 29.919496543705463
leaf_count=15892 26 14528 6415 70 21 39287 102 851 291
internal_value=0.00106442 -0.00469845 -0.0140377 -0.0203741 -0.0205263 -0.0206268 -0.020703 -0.0103317 -0.0209921
internal_weight=5197.46 4052.92 2990.23 2537.29 2528.51 2523.43 2519.32 74.0715 2445.25
internal_count=77483 61591 47063 40648 40578 40552 40531 953 39578
is_linear=0
shrinkage=0.02


Tree=103
num_leaves=10
num_cat=0
split_feature=29 29 49 27 23 27 18 18 48
split_gain=1498.5 2429.33 1640.96 36.0595 24.6238 17.1484 14.4968 82.9042 12.4338
threshold=0.89187507336605576 0.89625126321299919 0.90428537381526175 9.852404749846686 2.9174053685313028 9.8482919045051371 5277.3466680761112 5279.2259844961245 0.70158417772348469
decision_type=2 2 2 2 2 2 2 2 2
left_child=-1 2 3 4 -2 -6 8 -8 -7
right_child=1 -3 -4 -5 5 6 7 -9 -10
leaf_value=0.021444562839211364 0.015282531676943456 0.021484865799392645 0.021269369454694591 0.015297725681133969 0.010941971926880631 -0.021125184055727896 0.03224276905260931 -0.020411810465678623 -0.005638579947637219
leaf_weight=1123.6505715027452 5.0538639426231375 1043.3400725796819 444.68110678344965 8.6856783255934698 4.0813411623239508 2371.3450811505318 12.455100640654562 60.473811153322458 29.797323890030384
leaf_count=15892 26 14528 6415 70 21 39287 102 851 291
internal_value=0.00106369 -0.00468829 -0.0140093 -0.0203329 -0.0204858 -0.0205871 -0.0206641 -0.0102648 -0.0209545
internal_weight=5103.56 3979.91 2936.57 2491.89 2483.21 2478.15 2474.07 72.9289 2401.14
internal_count=77483 61591 47063 40648 40578 40552 40531 953 39578
is_linear=0
shrinkage=0.02


Tree=104
num_leaves=10
num_cat=0
split_feature=29 29 49 27 23 27 18 18 50
split_gain=1466.34 2376.88 1605.48 35.4689 24.2847 16.953 14.3133 80.9876 11.3908
threshold=0.89187507336605576 0.89625126321299919 0.90428537381526175 9.852404749846686 2.9174053685313028 9.8482919045051371 5277.3466680761112 5279.2259844961245 0.85321880095028524
decision_type=2 2 2 2 2 2 2 2 2
left_child=-1 2 3 4 -2 -6 8 -8 -7
right_child=1 -3 -4 -5 5 6 7 -9 -10
leaf_value=0.021411193831925357 0.01512949523005439 0.021450454156370532 0.02123546050900546 0.015184375503787031 0.010838074715854002 -0.021017931669059346 0.031897538349559204 -0.020355540577338078 0
leaf_weight=1103.1031642407179 5.0234222114086142 1024.3078679591417 436.5680218487978 8.5913864895701391 4.057470276951789 2345.5803128480911 12.360706493258474 59.444040834903717 12.201238967478274
leaf_count=15892 26 14528 6415 70 21 39461 102 851 117
internal_value=0.001063 -0.00467823 -0.0139812 -0.020292 -0.0204458 -0.020548 -0.0206257 -0.0101979 -0.0209174
internal_weight=5011.24 3908.13 2883.83 2447.26 2438.67 2433.64 2429.59 71.8047 2357.78
internal_count=77483 61591 47063 40648 40578 40552 40531 953 39578
is_linear=0
shrinkage=0.02


Tree=105
num_leaves=10
num_cat=0
split_feature=29 29 49 27 27 24 18 18 48
split_gain=1437.92 2339.41 1576.46 34.7516 25.7896 14.6637 13.0017 79.453 13.8185
threshold=0.89187507336605576 0.89625126321299919 0.90428537381526175 9.852404749846686 9.8482919045051371 1.0000000180025095e-35 5277.3466680761112 5279.2259844961245 0.70158417772348469
decision_type=2 2 2 2 2 2 2 2 2
left_child=-1 2 3 4 -2 -6 8 -8 -7
right_child=1 -3 -4 -5 5 6 7 -9 -10
leaf_value=0.021377560083744404 0.01390228268439187 0.021416605047237178 0.021203345997891924 0.015109529230800887 0.010803084832666969 -0.021057913075850393 0.032662009142588523 -0.020318633717527949 -0.0055147868151128711
leaf_weight=1075.7492112293839 6.0576401427388182 1007.4311322495341 429.58212526887655 8.4306265786290151 3.1522460579872122 2306.6265643313527 11.573800414800642 58.938955161720514 31.872759714722633
leaf_count=15791 38 14555 6427 67 13 39631 93 858 316
internal_value=0.000942644 -0.00474476 -0.0139947 -0.0202545 -0.0204067 -0.0205209 -0.0205874 -0.0104099 -0.0208681
internal_weight=4939.42 3863.67 2856.23 2426.65 2418.22 2412.16 2409.01 70.5128 2338.5
internal_count=77789 61998 47443 41016 40949 40911 40898 951 39947
is_linear=0
shrinkage=0.02


Tree=106
num_leaves=15
num_cat=0
split_feature=29 29 49 23 13 23 18 18 18 50 50 25 28 28
split_gain=1407.13 2288.99 1542.41 32.7123 14.9068 17.6514 25.3805 13.5152 73.8011 11.3482 7.9469 1.46035 1.03035 0.986444
threshold=0.89187507336605576 0.89625126321299919 0.90428537381526175 2.9174053685313028 5166.4061403508776 3.0201273556387074 3347.6486701296208 5277.3466680761112 5279.2259844961245 0.43301258021925043 0.80829553223106554 170673.35751879701 0.24473960332599348 0.010342455521972351
decision_type=2 2 2 2 2 2 2 2 2 2 2 2 2 2
left_child=-1 2 3 -2 7 -6 9 10 -9 -7 13 -8 -12 -5
right_child=1 -3 -4 4 5 6 11 8 -10 -11 12 -13 -14 -15
leaf_value=0.021345565450981461 0.016769338311169345 0.021383611944710678 0.02117065911413623 -0.0027320170144693257 -0.018888454879500183 0 0 0.031987576745103705 -0.019975627478427477 0.040544983547728071 0.0005506154744509261 -0.014770258914872722 -0.0070375743709559496 -0.021008164864139634
leaf_weight=1056.0155395716429 6.9481137916445723 988.99402575939894 421.72249406576157 6.8640809059143058 24.859315171837807 4.2079876996576804 2.5647998899221411 11.170830514281986 55.287731751799583 5.7802642807364464 5.9658922404050809 10.843948006629942 6.6475376561284065 2242.0064934939146
leaf_count=15791 47 14555 6427 101 332 44 24 91 824 34 58 123 63 39275
internal_value=0.000942236 -0.00473471 -0.0139669 -0.0202142 -0.0203532 -0.00751536 0.00352941 -0.0205954 -0.00997765 0.0262341 -0.0208807 -0.0119974 -0.00112715 -0.0209726
internal_weight=4849.88 3793.86 2804.87 2383.15 2376.2 48.2563 23.397 2327.94 66.4586 9.98825 2261.48 13.4087 12.6134 2248.87
internal_count=77789 61998 47443 41016 40969 557 225 40412 915 78 39497 147 121 39376
is_linear=0
shrinkage=0.02


Tree=107
num_leaves=10
num_cat=0
split_feature=29 29 49 27 23 27 13 49 50
split_gain=1377.11 2239.7 1509.02 34.1053 26.2582 20.9338 10.7866 11.0713 9.77103
threshold=0.89187507336605576 0.89625126321299919 0.90428537381526175 9.852404749846686 2.9174053685313028 9.8482919045051371 5166.4061403508776 0.69529314019160282 0.43314367218791633
decision_type=2 2 2 2 2 2 2 2 2
left_child=-1 2 3 4 -2 -6 7 -7 -8
right_child=1 -3 -4 -5 5 6 8 -9 -10
leaf_value=0.021314229865687265 0.015639902907895759 0.021351295764647765 0.021138561848694119 0.015012732036557163 0.012580513197708362 -0.020932895769025395 -0.016416904051530935 -0.0065399924865389659 0.00012373673677071556
leaf_weight=1036.614442512393 5.4768013879656783 970.86614955216646 413.9962116330862 8.327819809317587 4.9245412945747367 2244.2183184847236 25.911912608891726 32.045070856809616 19.855347447097301
leaf_count=15791 30 14555 6427 67 26 39944 369 411 169
internal_value=0.000941148 -0.00472511 -0.0139386 -0.0201723 -0.0203278 -0.020443 -0.0205411 -0.0207537 -0.00869891
internal_weight=4762.24 3725.62 2754.76 2340.76 2332.43 2326.96 2322.03 2276.26 45.7673
internal_count=77789 61998 47443 41016 40949 40919 40893 40355 538
is_linear=0
shrinkage=0.02


Tree=108
num_leaves=11
num_cat=0
split_feature=29 29 18 23 27 23 27 48 25 50
split_gain=1347.7 2191.38 1340.3 227.046 34.0643 26.2678 19.7482 11.748 9.0437 4.35912
threshold=0.89187507336605576 0.89625126321299919 4326.3207631714886 3.3842466058243152 9.852404749846686 2.9174053685313028 9.8482919045051371 0.70158417772348469 103091.85083184585 0.85321880095028524
decision_type=2 2 2 2 2 2 2 2 2 2
left_child=-1 2 4 -4 5 -2 -7 9 -9 -8
right_child=1 -3 3 -5 -6 6 7 8 -10 -11
leaf_value=0.021283535450785724 0.015486955071346889 0.021319637417366512 0.021654595704027071 -0.020009300372012012 0.014899909050683531 0.011907744712149759 -0.021047010340932801 -0.017093479781172635 0.0021803943964434974 -0.0028658845206113188
leaf_weight=1017.5416232086718 5.4403912350535384 953.04357294365764 417.91622373461723 57.182296991348267 8.2390998005866987 4.6601475030183783 2170.5399585291743 14.030629985034468 16.480898842215538 11.08252217620611
leaf_count=15791 30 14555 6521 866 67 25 39509 159 154 112
internal_value=0.000940533 -0.00471491 -0.0139094 0.0164933 -0.0204122 -0.0205743 -0.0206947 -0.0207922 -0.00595861 -0.0209757
internal_weight=4676.16 3658.62 2705.57 475.099 2230.47 2222.23 2216.79 2212.13 30.5115 2181.62
internal_count=77789 61998 47443 7387 40056 39989 39959 39934 313 39621
is_linear=0
shrinkage=0.02


Tree=109
num_leaves=10
num_cat=0
split_feature=29 29 49 27 23 27 13 25 49
split_gain=1319.03 2144.51 1443.79 33.0106 25.513 20.4333 11.0892 13.1786 11.2578
threshold=0.89187507336605576 0.89625126321299919 0.90428537381526175 9.852404749846686 2.9174053685313028 9.8482919045051371 5166.4061403508776 103091.85083184585 0.56654061964520197
decision_type=2 2 2 2 2 2 2 2 2
left_child=-1 2 3 4 -2 -6 8 -8 -7
right_child=1 -3 -4 -5 5 6 7 -9 -10
leaf_value=0.021253464382423794 0.015335969229409741 0.021288621307420229 0.02107526490194624 0.01478783051996036 0.012369407040857344 -0.020963993770859606 -0.018531924016583365 0.0011422164100508762 -0.010591614037241704
leaf_weight=998.79275385290384 5.4041301906108847 935.52230450510979 398.74461109936237 8.1515550687909109 4.8609514981508246 2129.2907433919609 22.931311964988708 21.955155190080404 65.216324925422668
leaf_count=15791 30 14555 6427 67 26 39406 323 215 949
internal_value=0.000939771 -0.00470609 -0.0138845 -0.0200895 -0.0202466 -0.0203637 -0.0204636 -0.00841742 -0.0206839
internal_weight=4590.87 3592.08 2656.55 2257.81 2249.66 2244.25 2239.39 44.8865 2194.51
internal_count=77789 61998 47443 41016 40949 40919 40893 538 40355
is_linear=0
shrinkage=0.02


Tree=110
num_leaves=11
num_cat=0
split_feature=29 29 49 27 27 18 18 48 50 50
split_gain=1292.24 2117.01 1409.07 29.8596 24.0856 11.8792 70.3321 13.1148 7.88595 5.71417
threshold=0.89187507336605576 0.89625126321299919 0.90428537381526175 9.852404749846686 9.8482919045051371 5277.3466680761112 5279.2259844961245 0.70158417772348469 0.85321880095028524 0.43342562237870674
decision_type=2 2 2 2 2 2 2 2 2 2
left_child=-1 2 3 4 -2 7 -7 8 -6 -9
right_child=1 -3 -4 -5 5 6 -8 9 -10 -11
leaf_value=0.02122404186389765 0.013449964583741871 0.021262839012531738 0.021043457877794668 0.014053023986299625 -0.020959796940733324 0.030589954803579796 -0.020074637669208469 -0.015575835824487006 -0.00080858164939837844 0
leaf_weight=980.87021980434656 5.7453517988324156 923.62914923205972 388.84718347340822 7.5035043731331816 2093.3580114580691 11.22735535725951 54.579421564936638 10.922083053737881 12.108912467956541 18.980791583657265
leaf_count=15793 36 14622 6385 65 39515 96 856 135 121 169
internal_value=0.000935525 -0.00470443 -0.0139421 -0.020117 -0.0202639 -0.0203822 -0.0101935 -0.0206676 -0.0208638 -0.00515965
internal_weight=4507.77 3526.9 2603.27 2214.43 2206.92 2201.18 65.8068 2135.37 2105.47 29.9029
internal_count=77793 62000 47378 40993 40928 40892 952 39940 39636 304
is_linear=0
shrinkage=0.02


Tree=111
num_leaves=10
num_cat=0
split_feature=29 29 49 27 27 23 13 25 49
split_gain=1264.78 2071.68 1378.81 29.3999 23.7517 16.8441 10.3036 11.5593 10.5514
threshold=0.89187507336605576 0.89625126321299919 0.90428537381526175 9.852404749846686 9.8482919045051371 2.9174053685313028 5166.4061403508776 103091.85083184585 0.72869513967501953
decision_type=2 2 2 2 2 2 2 2 2
left_child=-1 2 3 4 -2 -6 8 -8 -7
right_child=1 -3 -4 -5 5 6 7 -9 -10
leaf_value=0.0211951661240108 0.013331073064953593 0.021232983015121495 0.021013533937352929 0.013945363510686074 0.012164526726192244 -0.020801086831121404 -0.018177216092800021 0.00082843093948319416 -0.004531486498678519
leaf_weight=962.74709414318204 5.6989640742540351 906.60309299454093 381.68763689696789 7.4264218956232062 3.603571578860282 2092.8424753770232 20.720702264457941 20.579083949327469 23.702638328075409
leaf_count=15793 36 14622 6385 65 15 40071 298 202 306
internal_value=0.000934918 -0.00469528 -0.013916 -0.020079 -0.0202268 -0.020346 -0.0204301 -0.00818235 -0.0206422
internal_weight=4425.61 3462.86 2556.26 2174.57 2167.15 2161.45 2157.84 41.2998 2116.55
internal_count=77793 62000 47378 40993 40928 40892 40877 500 40377
is_linear=0
shrinkage=0.02


end of trees

feature_importances:
joblength_log=202
building_sf_log=176
land_acres_log=176
office_region_win_rate=146
office_region_avg_fee=126
company_location_win_rate=95
segment_avg_fee=68
joblength_x_segment_fee=63
subtype_avg_fee=46
segment_win_rate=42
propertytype_win_rate=34
office_avg_fee=24
fee_per_sqft=20
propertytype_avg_fee=15
state_win_rate=13
joblength_bucket=12
subtype_win_rate=10
BidFee=9
state_avg_fee=8
state_count=8
RooftopLatitude=6
RooftopLongitude=5
DistanceInMiles=4
segment_std_fee=4
fee_per_day=4
PopulationEstimate=2
distance_log=2
bid_vs_state_ratio=2
rolling_avg_fee_segment=1
segment_x_state_fee=1
fee_percentile_empirical=1

parameters:
[boosting: gbdt]
[objective: binary]
[metric: auc]
[tree_learner: serial]
[device_type: cpu]
[data_sample_strategy: bagging]
[data: ]
[valid: ]
[num_iterations: 2000]
[learning_rate: 0.02]
[num_leaves: 24]
[num_threads: -1]
[seed: 42]
[deterministic: 0]
[force_col_wise: 0]
[force_row_wise: 0]
[histogram_pool_size: -1]
[max_depth: 8]
[min_data_in_leaf: 30]
[min_sum_hessian_in_leaf: 0.001]
[bagging_fraction: 0.8]
[pos_bagging_fraction: 1]
[neg_bagging_fraction: 1]
[bagging_freq: 5]
[bagging_seed: 400]
[bagging_by_query: 0]
[feature_fraction: 0.8]
[feature_fraction_bynode: 1]
[feature_fraction_seed: 30056]
[extra_trees: 0]
[extra_seed: 12879]
[early_stopping_round: 0]
[early_stopping_min_delta: 0]
[first_metric_only: 0]
[max_delta_step: 0]
[lambda_l1: 2]
[lambda_l2: 2]
[linear_lambda: 0]
[min_gain_to_split: 0]
[drop_rate: 0.1]
[max_drop: 50]
[skip_drop: 0.5]
[xgboost_dart_mode: 0]
[uniform_drop: 0]
[drop_seed: 17869]
[top_rate: 0.2]
[other_rate: 0.1]
[min_data_per_group: 100]
[max_cat_threshold: 32]
[cat_l2: 10]
[cat_smooth: 10]
[max_cat_to_onehot: 4]
[top_k: 20]
[monotone_constraints: ]
[monotone_constraints_method: basic]
[monotone_penalty: 0]
[feature_contri: ]
[forcedsplits_filename: ]
[refit_decay_rate: 0.9]
[cegb_tradeoff: 1]
[cegb_penalty_split: 0]
[cegb_penalty_feature_lazy: ]
[cegb_penalty_feature_coupled: ]
[path_smooth: 0]
[interaction_constraints: ]
[verbosity: -1]
[saved_feature_importance_type: 0]
[use_quantized_grad: 0]
[num_grad_quant_bins: 4]
[quant_train_renew_leaf: 0]
[stochastic_rounding: 1]
[linear_tree: 0]
[max_bin: 255]
[max_bin_by_feature: ]
[min_data_in_bin: 3]
[bin_construct_sample_cnt: 200000]
[data_random_seed: 175]
[is_enable_sparse: 1]
[enable_bundle: 1]
[use_missing: 1]
[zero_as_missing: 0]
[feature_pre_filter: 1]
[pre_partition: 0]
[two_round: 0]
[header: 0]
[label_column: ]
[weight_column: ]
[group_column: ]
[ignore_column: ]
[categorical_feature: ]
[forcedbins_filename: ]
[precise_float_parser: 0]
[parser_config_file: ]
[objective_seed: 16083]
[num_class: 1]
[is_unbalance: 0]
[scale_pos_weight: 1.0976]
[sigmoid: 1]
[boost_from_average: 1]
[reg_sqrt: 0]
[alpha: 0.9]
[fair_c: 1]
[poisson_max_delta_step: 0.7]
[tweedie_variance_power: 1.5]
[lambdarank_truncation_level: 30]
[lambdarank_norm: 1]
[label_gain: ]
[lambdarank_position_bias_regularization: 0]
[eval_at: ]
[multi_error_top_k: 1]
[auc_mu_weights: ]
[num_machines: 1]
[local_listen_port: 12400]
[time_out: 120]
[machine_list_filename: ]
[machines: ]
[gpu_platform_id: -1]
[gpu_device_id: -1]
[gpu_use_dp: 0]
[num_gpu: 1]

end of parameters

pandas_categorical:null
